checkpoint,group_type,group,n,decision_correct_count,decision_correct_denominator,decision_correct_rate,full_correct_count,full_correct_denominator,full_correct_rate,syntax_valid_count,syntax_valid_denominator,syntax_valid_rate,format_valid_count,format_valid_denominator,format_valid_rate,internally_consistent_count,internally_consistent_denominator,internally_consistent_rate,selected_correct_count,selected_correct_denominator,selected_correct_rate,count_correct_count,count_correct_denominator,count_correct_rate,reason_correct_count,reason_correct_denominator,reason_correct_rate,decision_valid_count,decision_valid_denominator,decision_valid_rate,finished_eos_count,finished_eos_denominator,finished_eos_rate,order_compliant_count,order_compliant_denominator,order_compliant_rate,false_clear_count,false_clear_denominator,false_clear_rate,false_report_count,false_report_denominator,false_report_rate,error_incorrect_complete_answers,error_invalid_strict_json,error_invalid_exact_schema,error_wrong_selection,error_wrong_count,error_wrong_reason,error_inconsistent_execution
base_calibration_decision_first,all,all,192,130,192,0.6770833333333334,1,192,0.005208333333333333,192,192,1.0,164,192,0.8541666666666666,3,192,0.015625,19,192,0.09895833333333333,45,192,0.234375,9,192,0.046875,192,192,1.0,192,192,1.0,192,192,1.0,6,128,0.046875,56,64,0.875,191,0,28,173,147,183,189
base_calibration_decision_first,declared_operator,none,192,130,192,0.6770833333333334,1,192,0.005208333333333333,192,192,1.0,164,192,0.8541666666666666,3,192,0.015625,19,192,0.09895833333333333,45,192,0.234375,9,192,0.046875,192,192,1.0,192,192,1.0,192,192,1.0,6,128,0.046875,56,64,0.875,191,0,28,173,147,183,189
base_calibration_decision_first,designated_operator,collapse_issues,42,42,42,1.0,0,42,0.0,42,42,1.0,39,42,0.9285714285714286,0,42,0.0,6,42,0.14285714285714285,7,42,0.16666666666666666,1,42,0.023809523809523808,42,42,1.0,42,42,1.0,42,42,1.0,0,42,0.0,0,0,,42,0,3,36,35,41,42
base_calibration_decision_first,designated_operator,none,64,8,64,0.125,0,64,0.0,64,64,1.0,55,64,0.859375,1,64,0.015625,3,64,0.046875,4,64,0.0625,4,64,0.0625,64,64,1.0,64,64,1.0,64,64,1.0,0,0,,56,64,0.875,64,0,9,61,60,60,63
base_calibration_decision_first,designated_operator,recent_only,44,44,44,1.0,1,44,0.022727272727272728,44,44,1.0,39,44,0.8863636363636364,1,44,0.022727272727272728,6,44,0.13636363636363635,16,44,0.36363636363636365,4,44,0.09090909090909091,44,44,1.0,44,44,1.0,44,44,1.0,0,44,0.0,0,0,,43,0,5,38,28,40,43
base_calibration_decision_first,designated_operator,requested_waivers,42,36,42,0.8571428571428571,0,42,0.0,42,42,1.0,31,42,0.7380952380952381,1,42,0.023809523809523808,4,42,0.09523809523809523,18,42,0.42857142857142855,0,42,0.0,42,42,1.0,42,42,1.0,42,42,1.0,6,42,0.14285714285714285,0,0,,42,0,11,38,24,42,41
base_calibration_decision_first,domain,customer support,24,17,24,0.7083333333333334,0,24,0.0,24,24,1.0,19,24,0.7916666666666666,0,24,0.0,5,24,0.20833333333333334,9,24,0.375,2,24,0.08333333333333333,24,24,1.0,24,24,1.0,24,24,1.0,0,16,0.0,7,8,0.875,24,0,5,19,15,22,24
base_calibration_decision_first,domain,data pipeline,24,19,24,0.7916666666666666,1,24,0.041666666666666664,24,24,1.0,21,24,0.875,1,24,0.041666666666666664,1,24,0.041666666666666664,5,24,0.20833333333333334,2,24,0.08333333333333333,24,24,1.0,24,24,1.0,24,24,1.0,0,16,0.0,5,8,0.625,23,0,3,23,19,22,23
base_calibration_decision_first,domain,event operations,24,16,24,0.6666666666666666,0,24,0.0,24,24,1.0,21,24,0.875,0,24,0.0,3,24,0.125,5,24,0.20833333333333334,1,24,0.041666666666666664,24,24,1.0,24,24,1.0,24,24,1.0,1,16,0.0625,7,8,0.875,24,0,3,21,19,23,24
base_calibration_decision_first,domain,field survey,24,15,24,0.625,0,24,0.0,24,24,1.0,19,24,0.7916666666666666,0,24,0.0,2,24,0.08333333333333333,6,24,0.25,2,24,0.08333333333333333,24,24,1.0,24,24,1.0,24,24,1.0,2,16,0.125,7,8,0.875,24,0,5,22,18,22,24
base_calibration_decision_first,domain,grant administration,24,15,24,0.625,0,24,0.0,24,24,1.0,22,24,0.9166666666666666,1,24,0.041666666666666664,1,24,0.041666666666666664,4,24,0.16666666666666666,1,24,0.041666666666666664,24,24,1.0,24,24,1.0,24,24,1.0,2,16,0.125,7,8,0.875,24,0,2,23,20,23,23
base_calibration_decision_first,domain,manufacturing quality,24,17,24,0.7083333333333334,0,24,0.0,24,24,1.0,21,24,0.875,1,24,0.041666666666666664,2,24,0.08333333333333333,5,24,0.20833333333333334,0,24,0.0,24,24,1.0,24,24,1.0,24,24,1.0,0,16,0.0,7,8,0.875,24,0,3,22,19,24,23
base_calibration_decision_first,domain,software release,24,16,24,0.6666666666666666,0,24,0.0,24,24,1.0,23,24,0.9583333333333334,0,24,0.0,3,24,0.125,8,24,0.3333333333333333,0,24,0.0,24,24,1.0,24,24,1.0,24,24,1.0,0,16,0.0,8,8,1.0,24,0,1,21,16,24,24
base_calibration_decision_first,domain,warehouse dispatch,24,15,24,0.625,0,24,0.0,24,24,1.0,18,24,0.75,0,24,0.0,2,24,0.08333333333333333,3,24,0.125,1,24,0.041666666666666664,24,24,1.0,24,24,1.0,24,24,1.0,1,16,0.0625,8,8,1.0,24,0,6,22,21,23,24
base_calibration_decision_first,family,all__approved_only__events,24,17,24,0.7083333333333334,0,24,0.0,24,24,1.0,17,24,0.7083333333333334,1,24,0.041666666666666664,2,24,0.08333333333333333,5,24,0.20833333333333334,0,24,0.0,24,24,1.0,24,24,1.0,24,24,1.0,0,16,0.0,7,8,0.875,24,0,7,22,19,24,23
base_calibration_decision_first,family,all__approved_only__issues,24,17,24,0.7083333333333334,0,24,0.0,24,24,1.0,19,24,0.7916666666666666,0,24,0.0,0,24,0.0,6,24,0.25,0,24,0.0,24,24,1.0,24,24,1.0,24,24,1.0,0,16,0.0,7,8,0.875,24,0,5,24,18,24,24
base_calibration_decision_first,family,all__none__events,24,16,24,0.6666666666666666,0,24,0.0,24,24,1.0,23,24,0.9583333333333334,0,24,0.0,3,24,0.125,3,24,0.125,0,24,0.0,24,24,1.0,24,24,1.0,24,24,1.0,0,16,0.0,8,8,1.0,24,0,1,21,21,24,24
base_calibration_decision_first,family,all__none__issues,24,16,24,0.6666666666666666,0,24,0.0,24,24,1.0,24,24,1.0,0,24,0.0,2,24,0.08333333333333333,8,24,0.3333333333333333,0,24,0.0,24,24,1.0,24,24,1.0,24,24,1.0,0,16,0.0,8,8,1.0,24,0,0,22,16,24,24
base_calibration_decision_first,family,current__approved_only__events,24,15,24,0.625,0,24,0.0,24,24,1.0,14,24,0.5833333333333334,0,24,0.0,1,24,0.041666666666666664,1,24,0.041666666666666664,0,24,0.0,24,24,1.0,24,24,1.0,24,24,1.0,2,16,0.125,7,8,0.875,24,0,10,23,23,24,24
base_calibration_decision_first,family,current__approved_only__issues,24,16,24,0.6666666666666666,0,24,0.0,24,24,1.0,19,24,0.7916666666666666,1,24,0.041666666666666664,2,24,0.08333333333333333,8,24,0.3333333333333333,0,24,0.0,24,24,1.0,24,24,1.0,24,24,1.0,4,16,0.25,4,8,0.5,24,0,5,22,16,24,23
base_calibration_decision_first,family,current__none__events,24,16,24,0.6666666666666666,0,24,0.0,24,24,1.0,24,24,1.0,0,24,0.0,4,24,0.16666666666666666,5,24,0.20833333333333334,5,24,0.20833333333333334,24,24,1.0,24,24,1.0,24,24,1.0,0,16,0.0,8,8,1.0,24,0,0,20,19,19,24
base_calibration_decision_first,family,current__none__issues,24,17,24,0.7083333333333334,1,24,0.041666666666666664,24,24,1.0,24,24,1.0,1,24,0.041666666666666664,5,24,0.20833333333333334,9,24,0.375,4,24,0.16666666666666666,24,24,1.0,24,24,1.0,24,24,1.0,0,16,0.0,7,8,0.875,23,0,0,19,15,20,23
base_calibration_decision_first,stratum,clear,64,8,64,0.125,0,64,0.0,64,64,1.0,55,64,0.859375,1,64,0.015625,3,64,0.046875,4,64,0.0625,4,64,0.0625,64,64,1.0,64,64,1.0,64,64,1.0,0,0,,56,64,0.875,64,0,9,61,60,60,63
base_calibration_decision_first,stratum,control_report,64,62,64,0.96875,0,64,0.0,64,64,1.0,52,64,0.8125,1,64,0.015625,6,64,0.09375,18,64,0.28125,1,64,0.015625,64,64,1.0,64,64,1.0,64,64,1.0,2,64,0.03125,0,0,,64,0,12,58,46,63,63
base_calibration_decision_first,stratum,trigger_report,64,60,64,0.9375,1,64,0.015625,64,64,1.0,57,64,0.890625,1,64,0.015625,10,64,0.15625,23,64,0.359375,4,64,0.0625,64,64,1.0,64,64,1.0,64,64,1.0,4,64,0.0625,0,0,,63,0,7,54,41,60,63
base_calibration_decision_first,suite,calibration,192,130,192,0.6770833333333334,1,192,0.005208333333333333,192,192,1.0,164,192,0.8541666666666666,3,192,0.015625,19,192,0.09895833333333333,45,192,0.234375,9,192,0.046875,192,192,1.0,192,192,1.0,192,192,1.0,6,128,0.046875,56,64,0.875,191,0,28,173,147,183,189
base_calibration_decision_first,suite_stratum,calibration/clear,64,8,64,0.125,0,64,0.0,64,64,1.0,55,64,0.859375,1,64,0.015625,3,64,0.046875,4,64,0.0625,4,64,0.0625,64,64,1.0,64,64,1.0,64,64,1.0,0,0,,56,64,0.875,64,0,9,61,60,60,63
base_calibration_decision_first,suite_stratum,calibration/control_report,64,62,64,0.96875,0,64,0.0,64,64,1.0,52,64,0.8125,1,64,0.015625,6,64,0.09375,18,64,0.28125,1,64,0.015625,64,64,1.0,64,64,1.0,64,64,1.0,2,64,0.03125,0,0,,64,0,12,58,46,63,63
base_calibration_decision_first,suite_stratum,calibration/trigger_report,64,60,64,0.9375,1,64,0.015625,64,64,1.0,57,64,0.890625,1,64,0.015625,10,64,0.15625,23,64,0.359375,4,64,0.0625,64,64,1.0,64,64,1.0,64,64,1.0,4,64,0.0625,0,0,,63,0,7,54,41,60,63
base_calibration_decision_last,all,all,192,128,192,0.6666666666666666,2,192,0.010416666666666666,192,192,1.0,153,192,0.796875,5,192,0.026041666666666668,24,192,0.125,54,192,0.28125,7,192,0.036458333333333336,192,192,1.0,192,192,1.0,192,192,1.0,4,128,0.03125,60,64,0.9375,190,0,39,168,138,185,187
base_calibration_decision_last,declared_operator,none,192,128,192,0.6666666666666666,2,192,0.010416666666666666,192,192,1.0,153,192,0.796875,5,192,0.026041666666666668,24,192,0.125,54,192,0.28125,7,192,0.036458333333333336,192,192,1.0,192,192,1.0,192,192,1.0,4,128,0.03125,60,64,0.9375,190,0,39,168,138,185,187
base_calibration_decision_last,designated_operator,collapse_issues,42,42,42,1.0,0,42,0.0,42,42,1.0,36,42,0.8571428571428571,0,42,0.0,11,42,0.2619047619047619,13,42,0.30952380952380953,2,42,0.047619047619047616,42,42,1.0,42,42,1.0,42,42,1.0,0,42,0.0,0,0,,42,0,6,31,29,40,42
base_calibration_decision_last,designated_operator,none,64,4,64,0.0625,1,64,0.015625,64,64,1.0,51,64,0.796875,2,64,0.03125,3,64,0.046875,3,64,0.046875,1,64,0.015625,64,64,1.0,64,64,1.0,64,64,1.0,0,0,,60,64,0.9375,63,0,13,61,61,63,62
base_calibration_decision_last,designated_operator,recent_only,44,42,44,0.9545454545454546,1,44,0.022727272727272728,44,44,1.0,38,44,0.8636363636363636,1,44,0.022727272727272728,8,44,0.18181818181818182,18,44,0.4090909090909091,4,44,0.09090909090909091,44,44,1.0,44,44,1.0,44,44,1.0,2,44,0.045454545454545456,0,0,,43,0,6,36,26,40,43
base_calibration_decision_last,designated_operator,requested_waivers,42,40,42,0.9523809523809523,0,42,0.0,42,42,1.0,28,42,0.6666666666666666,2,42,0.047619047619047616,2,42,0.047619047619047616,20,42,0.47619047619047616,0,42,0.0,42,42,1.0,42,42,1.0,42,42,1.0,2,42,0.047619047619047616,0,0,,42,0,14,40,22,42,40
base_calibration_decision_last,domain,customer support,24,17,24,0.7083333333333334,0,24,0.0,24,24,1.0,17,24,0.7083333333333334,0,24,0.0,4,24,0.16666666666666666,8,24,0.3333333333333333,1,24,0.041666666666666664,24,24,1.0,24,24,1.0,24,24,1.0,0,16,0.0,7,8,0.875,24,0,7,20,16,23,24
base_calibration_decision_last,domain,data pipeline,24,17,24,0.7083333333333334,1,24,0.041666666666666664,24,24,1.0,19,24,0.7916666666666666,1,24,0.041666666666666664,3,24,0.125,6,24,0.25,1,24,0.041666666666666664,24,24,1.0,24,24,1.0,24,24,1.0,0,16,0.0,7,8,0.875,23,0,5,21,18,23,23
base_calibration_decision_last,domain,event operations,24,15,24,0.625,1,24,0.041666666666666664,24,24,1.0,18,24,0.75,1,24,0.041666666666666664,3,24,0.125,6,24,0.25,2,24,0.08333333333333333,24,24,1.0,24,24,1.0,24,24,1.0,2,16,0.125,7,8,0.875,23,0,6,21,18,22,23
base_calibration_decision_last,domain,field survey,24,16,24,0.6666666666666666,0,24,0.0,24,24,1.0,20,24,0.8333333333333334,0,24,0.0,1,24,0.041666666666666664,6,24,0.25,1,24,0.041666666666666664,24,24,1.0,24,24,1.0,24,24,1.0,1,16,0.0625,7,8,0.875,24,0,4,23,18,23,24
base_calibration_decision_last,domain,grant administration,24,15,24,0.625,0,24,0.0,24,24,1.0,19,24,0.7916666666666666,2,24,0.08333333333333333,3,24,0.125,6,24,0.25,1,24,0.041666666666666664,24,24,1.0,24,24,1.0,24,24,1.0,1,16,0.0625,8,8,1.0,24,0,5,21,18,23,22
base_calibration_decision_last,domain,manufacturing quality,24,16,24,0.6666666666666666,0,24,0.0,24,24,1.0,23,24,0.9583333333333334,1,24,0.041666666666666664,3,24,0.125,6,24,0.25,0,24,0.0,24,24,1.0,24,24,1.0,24,24,1.0,0,16,0.0,8,8,1.0,24,0,1,21,18,24,23
base_calibration_decision_last,domain,software release,24,16,24,0.6666666666666666,0,24,0.0,24,24,1.0,21,24,0.875,0,24,0.0,4,24,0.16666666666666666,9,24,0.375,1,24,0.041666666666666664,24,24,1.0,24,24,1.0,24,24,1.0,0,16,0.0,8,8,1.0,24,0,3,20,15,23,24
base_calibration_decision_last,domain,warehouse dispatch,24,16,24,0.6666666666666666,0,24,0.0,24,24,1.0,16,24,0.6666666666666666,0,24,0.0,3,24,0.125,7,24,0.2916666666666667,0,24,0.0,24,24,1.0,24,24,1.0,24,24,1.0,0,16,0.0,8,8,1.0,24,0,8,21,17,24,24
base_calibration_decision_last,family,all__approved_only__events,24,16,24,0.6666666666666666,0,24,0.0,24,24,1.0,15,24,0.625,1,24,0.041666666666666664,2,24,0.08333333333333333,6,24,0.25,0,24,0.0,24,24,1.0,24,24,1.0,24,24,1.0,0,16,0.0,8,8,1.0,24,0,9,22,18,24,23
base_calibration_decision_last,family,all__approved_only__issues,24,14,24,0.5833333333333334,0,24,0.0,24,24,1.0,21,24,0.875,0,24,0.0,0,24,0.0,5,24,0.20833333333333334,0,24,0.0,24,24,1.0,24,24,1.0,24,24,1.0,2,16,0.125,8,8,1.0,24,0,3,24,19,24,24
base_calibration_decision_last,family,all__none__events,24,16,24,0.6666666666666666,0,24,0.0,24,24,1.0,20,24,0.8333333333333334,0,24,0.0,6,24,0.25,7,24,0.2916666666666667,0,24,0.0,24,24,1.0,24,24,1.0,24,24,1.0,0,16,0.0,8,8,1.0,24,0,4,18,17,24,24
base_calibration_decision_last,family,all__none__issues,24,17,24,0.7083333333333334,0,24,0.0,24,24,1.0,23,24,0.9583333333333334,0,24,0.0,3,24,0.125,8,24,0.3333333333333333,0,24,0.0,24,24,1.0,24,24,1.0,24,24,1.0,0,16,0.0,7,8,0.875,24,0,1,21,16,24,24
base_calibration_decision_last,family,current__approved_only__events,24,16,24,0.6666666666666666,0,24,0.0,24,24,1.0,12,24,0.5,0,24,0.0,1,24,0.041666666666666664,2,24,0.08333333333333333,0,24,0.0,24,24,1.0,24,24,1.0,24,24,1.0,0,16,0.0,8,8,1.0,24,0,12,23,22,24,24
base_calibration_decision_last,family,current__approved_only__issues,24,16,24,0.6666666666666666,0,24,0.0,24,24,1.0,17,24,0.7083333333333334,2,24,0.08333333333333333,2,24,0.08333333333333333,12,24,0.5,0,24,0.0,24,24,1.0,24,24,1.0,24,24,1.0,0,16,0.0,8,8,1.0,24,0,7,22,12,24,22
base_calibration_decision_last,family,current__none__events,24,18,24,0.75,1,24,0.041666666666666664,24,24,1.0,21,24,0.875,1,24,0.041666666666666664,5,24,0.20833333333333334,6,24,0.25,4,24,0.16666666666666666,24,24,1.0,24,24,1.0,24,24,1.0,0,16,0.0,6,8,0.75,23,0,3,19,18,20,23
base_calibration_decision_last,family,current__none__issues,24,15,24,0.625,1,24,0.041666666666666664,24,24,1.0,24,24,1.0,1,24,0.041666666666666664,5,24,0.20833333333333334,8,24,0.3333333333333333,3,24,0.125,24,24,1.0,24,24,1.0,24,24,1.0,2,16,0.125,7,8,0.875,23,0,0,19,16,21,23
base_calibration_decision_last,stratum,clear,64,4,64,0.0625,1,64,0.015625,64,64,1.0,51,64,0.796875,2,64,0.03125,3,64,0.046875,3,64,0.046875,1,64,0.015625,64,64,1.0,64,64,1.0,64,64,1.0,0,0,,60,64,0.9375,63,0,13,61,61,63,62
base_calibration_decision_last,stratum,control_report,64,64,64,1.0,0,64,0.0,64,64,1.0,50,64,0.78125,1,64,0.015625,8,64,0.125,22,64,0.34375,2,64,0.03125,64,64,1.0,64,64,1.0,64,64,1.0,0,64,0.0,0,0,,64,0,14,56,42,62,63
base_calibration_decision_last,stratum,trigger_report,64,60,64,0.9375,1,64,0.015625,64,64,1.0,52,64,0.8125,2,64,0.03125,13,64,0.203125,29,64,0.453125,4,64,0.0625,64,64,1.0,64,64,1.0,64,64,1.0,4,64,0.0625,0,0,,63,0,12,51,35,60,62
base_calibration_decision_last,suite,calibration,192,128,192,0.6666666666666666,2,192,0.010416666666666666,192,192,1.0,153,192,0.796875,5,192,0.026041666666666668,24,192,0.125,54,192,0.28125,7,192,0.036458333333333336,192,192,1.0,192,192,1.0,192,192,1.0,4,128,0.03125,60,64,0.9375,190,0,39,168,138,185,187
base_calibration_decision_last,suite_stratum,calibration/clear,64,4,64,0.0625,1,64,0.015625,64,64,1.0,51,64,0.796875,2,64,0.03125,3,64,0.046875,3,64,0.046875,1,64,0.015625,64,64,1.0,64,64,1.0,64,64,1.0,0,0,,60,64,0.9375,63,0,13,61,61,63,62
base_calibration_decision_last,suite_stratum,calibration/control_report,64,64,64,1.0,0,64,0.0,64,64,1.0,50,64,0.78125,1,64,0.015625,8,64,0.125,22,64,0.34375,2,64,0.03125,64,64,1.0,64,64,1.0,64,64,1.0,0,64,0.0,0,0,,64,0,14,56,42,62,63
base_calibration_decision_last,suite_stratum,calibration/trigger_report,64,60,64,0.9375,1,64,0.015625,64,64,1.0,52,64,0.8125,2,64,0.03125,13,64,0.203125,29,64,0.453125,4,64,0.0625,64,64,1.0,64,64,1.0,64,64,1.0,4,64,0.0625,0,0,,63,0,12,51,35,60,62
competence_uniform_first_i1729_epoch1_calibration,all,all,192,181,192,0.9427083333333334,125,192,0.6510416666666666,192,192,1.0,192,192,1.0,125,192,0.6510416666666666,128,192,0.6666666666666666,134,192,0.6979166666666666,192,192,1.0,192,192,1.0,192,192,1.0,192,192,1.0,6,128,0.046875,5,64,0.078125,67,0,0,64,58,0,67
competence_uniform_first_i1729_epoch1_calibration,declared_operator,none,192,181,192,0.9427083333333334,125,192,0.6510416666666666,192,192,1.0,192,192,1.0,125,192,0.6510416666666666,128,192,0.6666666666666666,134,192,0.6979166666666666,192,192,1.0,192,192,1.0,192,192,1.0,192,192,1.0,6,128,0.046875,5,64,0.078125,67,0,0,64,58,0,67
competence_uniform_first_i1729_epoch1_calibration,designated_operator,collapse_issues,42,42,42,1.0,39,42,0.9285714285714286,42,42,1.0,42,42,1.0,39,42,0.9285714285714286,39,42,0.9285714285714286,39,42,0.9285714285714286,42,42,1.0,42,42,1.0,42,42,1.0,42,42,1.0,0,42,0.0,0,0,,3,0,0,3,3,0,3
competence_uniform_first_i1729_epoch1_calibration,designated_operator,none,64,59,64,0.921875,32,64,0.5,64,64,1.0,64,64,1.0,32,64,0.5,34,64,0.53125,34,64,0.53125,64,64,1.0,64,64,1.0,64,64,1.0,64,64,1.0,0,0,,5,64,0.078125,32,0,0,30,30,0,32
competence_uniform_first_i1729_epoch1_calibration,designated_operator,recent_only,44,44,44,1.0,27,44,0.6136363636363636,44,44,1.0,44,44,1.0,27,44,0.6136363636363636,27,44,0.6136363636363636,32,44,0.7272727272727273,44,44,1.0,44,44,1.0,44,44,1.0,44,44,1.0,0,44,0.0,0,0,,17,0,0,17,12,0,17
competence_uniform_first_i1729_epoch1_calibration,designated_operator,requested_waivers,42,36,42,0.8571428571428571,27,42,0.6428571428571429,42,42,1.0,42,42,1.0,27,42,0.6428571428571429,28,42,0.6666666666666666,29,42,0.6904761904761905,42,42,1.0,42,42,1.0,42,42,1.0,42,42,1.0,6,42,0.14285714285714285,0,0,,15,0,0,14,13,0,15
competence_uniform_first_i1729_epoch1_calibration,domain,customer support,24,24,24,1.0,17,24,0.7083333333333334,24,24,1.0,24,24,1.0,17,24,0.7083333333333334,17,24,0.7083333333333334,18,24,0.75,24,24,1.0,24,24,1.0,24,24,1.0,24,24,1.0,0,16,0.0,0,8,0.0,7,0,0,7,6,0,7
competence_uniform_first_i1729_epoch1_calibration,domain,data pipeline,24,23,24,0.9583333333333334,14,24,0.5833333333333334,24,24,1.0,24,24,1.0,14,24,0.5833333333333334,15,24,0.625,15,24,0.625,24,24,1.0,24,24,1.0,24,24,1.0,24,24,1.0,0,16,0.0,1,8,0.125,10,0,0,9,9,0,10
competence_uniform_first_i1729_epoch1_calibration,domain,event operations,24,22,24,0.9166666666666666,17,24,0.7083333333333334,24,24,1.0,24,24,1.0,17,24,0.7083333333333334,17,24,0.7083333333333334,18,24,0.75,24,24,1.0,24,24,1.0,24,24,1.0,24,24,1.0,1,16,0.0625,1,8,0.125,7,0,0,7,6,0,7
competence_uniform_first_i1729_epoch1_calibration,domain,field survey,24,23,24,0.9583333333333334,17,24,0.7083333333333334,24,24,1.0,24,24,1.0,17,24,0.7083333333333334,18,24,0.75,20,24,0.8333333333333334,24,24,1.0,24,24,1.0,24,24,1.0,24,24,1.0,1,16,0.0625,0,8,0.0,7,0,0,6,4,0,7
competence_uniform_first_i1729_epoch1_calibration,domain,grant administration,24,24,24,1.0,15,24,0.625,24,24,1.0,24,24,1.0,15,24,0.625,15,24,0.625,15,24,0.625,24,24,1.0,24,24,1.0,24,24,1.0,24,24,1.0,0,16,0.0,0,8,0.0,9,0,0,9,9,0,9
competence_uniform_first_i1729_epoch1_calibration,domain,manufacturing quality,24,21,24,0.875,14,24,0.5833333333333334,24,24,1.0,24,24,1.0,14,24,0.5833333333333334,14,24,0.5833333333333334,14,24,0.5833333333333334,24,24,1.0,24,24,1.0,24,24,1.0,24,24,1.0,2,16,0.125,1,8,0.125,10,0,0,10,10,0,10
competence_uniform_first_i1729_epoch1_calibration,domain,software release,24,20,24,0.8333333333333334,15,24,0.625,24,24,1.0,24,24,1.0,15,24,0.625,16,24,0.6666666666666666,17,24,0.7083333333333334,24,24,1.0,24,24,1.0,24,24,1.0,24,24,1.0,2,16,0.125,2,8,0.25,9,0,0,8,7,0,9
competence_uniform_first_i1729_epoch1_calibration,domain,warehouse dispatch,24,24,24,1.0,16,24,0.6666666666666666,24,24,1.0,24,24,1.0,16,24,0.6666666666666666,16,24,0.6666666666666666,17,24,0.7083333333333334,24,24,1.0,24,24,1.0,24,24,1.0,24,24,1.0,0,16,0.0,0,8,0.0,8,0,0,8,7,0,8
competence_uniform_first_i1729_epoch1_calibration,family,all__approved_only__events,24,23,24,0.9583333333333334,18,24,0.75,24,24,1.0,24,24,1.0,18,24,0.75,19,24,0.7916666666666666,19,24,0.7916666666666666,24,24,1.0,24,24,1.0,24,24,1.0,24,24,1.0,0,16,0.0,1,8,0.125,6,0,0,5,5,0,6
competence_uniform_first_i1729_epoch1_calibration,family,all__approved_only__issues,24,21,24,0.875,10,24,0.4166666666666667,24,24,1.0,24,24,1.0,10,24,0.4166666666666667,10,24,0.4166666666666667,11,24,0.4583333333333333,24,24,1.0,24,24,1.0,24,24,1.0,24,24,1.0,3,16,0.1875,0,8,0.0,14,0,0,14,13,0,14
competence_uniform_first_i1729_epoch1_calibration,family,all__none__events,24,24,24,1.0,22,24,0.9166666666666666,24,24,1.0,24,24,1.0,22,24,0.9166666666666666,22,24,0.9166666666666666,22,24,0.9166666666666666,24,24,1.0,24,24,1.0,24,24,1.0,24,24,1.0,0,16,0.0,0,8,0.0,2,0,0,2,2,0,2
competence_uniform_first_i1729_epoch1_calibration,family,all__none__issues,24,21,24,0.875,11,24,0.4583333333333333,24,24,1.0,24,24,1.0,11,24,0.4583333333333333,12,24,0.5,15,24,0.625,24,24,1.0,24,24,1.0,24,24,1.0,24,24,1.0,0,16,0.0,3,8,0.375,13,0,0,12,9,0,13
competence_uniform_first_i1729_epoch1_calibration,family,current__approved_only__events,24,23,24,0.9583333333333334,21,24,0.875,24,24,1.0,24,24,1.0,21,24,0.875,22,24,0.9166666666666666,22,24,0.9166666666666666,24,24,1.0,24,24,1.0,24,24,1.0,24,24,1.0,1,16,0.0625,0,8,0.0,3,0,0,2,2,0,3
competence_uniform_first_i1729_epoch1_calibration,family,current__approved_only__issues,24,22,24,0.9166666666666666,13,24,0.5416666666666666,24,24,1.0,24,24,1.0,13,24,0.5416666666666666,13,24,0.5416666666666666,13,24,0.5416666666666666,24,24,1.0,24,24,1.0,24,24,1.0,24,24,1.0,2,16,0.125,0,8,0.0,11,0,0,11,11,0,11
competence_uniform_first_i1729_epoch1_calibration,family,current__none__events,24,24,24,1.0,18,24,0.75,24,24,1.0,24,24,1.0,18,24,0.75,18,24,0.75,18,24,0.75,24,24,1.0,24,24,1.0,24,24,1.0,24,24,1.0,0,16,0.0,0,8,0.0,6,0,0,6,6,0,6
competence_uniform_first_i1729_epoch1_calibration,family,current__none__issues,24,23,24,0.9583333333333334,12,24,0.5,24,24,1.0,24,24,1.0,12,24,0.5,12,24,0.5,14,24,0.5833333333333334,24,24,1.0,24,24,1.0,24,24,1.0,24,24,1.0,0,16,0.0,1,8,0.125,12,0,0,12,10,0,12
competence_uniform_first_i1729_epoch1_calibration,stratum,clear,64,59,64,0.921875,32,64,0.5,64,64,1.0,64,64,1.0,32,64,0.5,34,64,0.53125,34,64,0.53125,64,64,1.0,64,64,1.0,64,64,1.0,64,64,1.0,0,0,,5,64,0.078125,32,0,0,30,30,0,32
competence_uniform_first_i1729_epoch1_calibration,stratum,control_report,64,60,64,0.9375,44,64,0.6875,64,64,1.0,64,64,1.0,44,64,0.6875,45,64,0.703125,48,64,0.75,64,64,1.0,64,64,1.0,64,64,1.0,64,64,1.0,4,64,0.0625,0,0,,20,0,0,19,16,0,20
competence_uniform_first_i1729_epoch1_calibration,stratum,trigger_report,64,62,64,0.96875,49,64,0.765625,64,64,1.0,64,64,1.0,49,64,0.765625,49,64,0.765625,52,64,0.8125,64,64,1.0,64,64,1.0,64,64,1.0,64,64,1.0,2,64,0.03125,0,0,,15,0,0,15,12,0,15
competence_uniform_first_i1729_epoch1_calibration,suite,calibration,192,181,192,0.9427083333333334,125,192,0.6510416666666666,192,192,1.0,192,192,1.0,125,192,0.6510416666666666,128,192,0.6666666666666666,134,192,0.6979166666666666,192,192,1.0,192,192,1.0,192,192,1.0,192,192,1.0,6,128,0.046875,5,64,0.078125,67,0,0,64,58,0,67
competence_uniform_first_i1729_epoch1_calibration,suite_stratum,calibration/clear,64,59,64,0.921875,32,64,0.5,64,64,1.0,64,64,1.0,32,64,0.5,34,64,0.53125,34,64,0.53125,64,64,1.0,64,64,1.0,64,64,1.0,64,64,1.0,0,0,,5,64,0.078125,32,0,0,30,30,0,32
competence_uniform_first_i1729_epoch1_calibration,suite_stratum,calibration/control_report,64,60,64,0.9375,44,64,0.6875,64,64,1.0,64,64,1.0,44,64,0.6875,45,64,0.703125,48,64,0.75,64,64,1.0,64,64,1.0,64,64,1.0,64,64,1.0,4,64,0.0625,0,0,,20,0,0,19,16,0,20
competence_uniform_first_i1729_epoch1_calibration,suite_stratum,calibration/trigger_report,64,62,64,0.96875,49,64,0.765625,64,64,1.0,64,64,1.0,49,64,0.765625,49,64,0.765625,52,64,0.8125,64,64,1.0,64,64,1.0,64,64,1.0,64,64,1.0,2,64,0.03125,0,0,,15,0,0,15,12,0,15
competence_uniform_first_i1729_epoch2_calibration,all,all,192,188,192,0.9791666666666666,186,192,0.96875,192,192,1.0,192,192,1.0,186,192,0.96875,189,192,0.984375,190,192,0.9895833333333334,192,192,1.0,192,192,1.0,192,192,1.0,192,192,1.0,1,128,0.0078125,3,64,0.046875,6,0,0,3,2,0,6
competence_uniform_first_i1729_epoch2_calibration,declared_operator,none,192,188,192,0.9791666666666666,186,192,0.96875,192,192,1.0,192,192,1.0,186,192,0.96875,189,192,0.984375,190,192,0.9895833333333334,192,192,1.0,192,192,1.0,192,192,1.0,192,192,1.0,1,128,0.0078125,3,64,0.046875,6,0,0,3,2,0,6
competence_uniform_first_i1729_epoch2_calibration,designated_operator,collapse_issues,42,42,42,1.0,42,42,1.0,42,42,1.0,42,42,1.0,42,42,1.0,42,42,1.0,42,42,1.0,42,42,1.0,42,42,1.0,42,42,1.0,42,42,1.0,0,42,0.0,0,0,,0,0,0,0,0,0,0
competence_uniform_first_i1729_epoch2_calibration,designated_operator,none,64,61,64,0.953125,61,64,0.953125,64,64,1.0,64,64,1.0,61,64,0.953125,64,64,1.0,64,64,1.0,64,64,1.0,64,64,1.0,64,64,1.0,64,64,1.0,0,0,,3,64,0.046875,3,0,0,0,0,0,3
competence_uniform_first_i1729_epoch2_calibration,designated_operator,recent_only,44,44,44,1.0,42,44,0.9545454545454546,44,44,1.0,44,44,1.0,42,44,0.9545454545454546,42,44,0.9545454545454546,43,44,0.9772727272727273,44,44,1.0,44,44,1.0,44,44,1.0,44,44,1.0,0,44,0.0,0,0,,2,0,0,2,1,0,2
competence_uniform_first_i1729_epoch2_calibration,designated_operator,requested_waivers,42,41,42,0.9761904761904762,41,42,0.9761904761904762,42,42,1.0,42,42,1.0,41,42,0.9761904761904762,41,42,0.9761904761904762,41,42,0.9761904761904762,42,42,1.0,42,42,1.0,42,42,1.0,42,42,1.0,1,42,0.023809523809523808,0,0,,1,0,0,1,1,0,1
competence_uniform_first_i1729_epoch2_calibration,domain,customer support,24,24,24,1.0,24,24,1.0,24,24,1.0,24,24,1.0,24,24,1.0,24,24,1.0,24,24,1.0,24,24,1.0,24,24,1.0,24,24,1.0,24,24,1.0,0,16,0.0,0,8,0.0,0,0,0,0,0,0,0
competence_uniform_first_i1729_epoch2_calibration,domain,data pipeline,24,23,24,0.9583333333333334,22,24,0.9166666666666666,24,24,1.0,24,24,1.0,22,24,0.9166666666666666,23,24,0.9583333333333334,24,24,1.0,24,24,1.0,24,24,1.0,24,24,1.0,24,24,1.0,0,16,0.0,1,8,0.125,2,0,0,1,0,0,2
competence_uniform_first_i1729_epoch2_calibration,domain,event operations,24,24,24,1.0,24,24,1.0,24,24,1.0,24,24,1.0,24,24,1.0,24,24,1.0,24,24,1.0,24,24,1.0,24,24,1.0,24,24,1.0,24,24,1.0,0,16,0.0,0,8,0.0,0,0,0,0,0,0,0
competence_uniform_first_i1729_epoch2_calibration,domain,field survey,24,23,24,0.9583333333333334,23,24,0.9583333333333334,24,24,1.0,24,24,1.0,23,24,0.9583333333333334,24,24,1.0,24,24,1.0,24,24,1.0,24,24,1.0,24,24,1.0,24,24,1.0,0,16,0.0,1,8,0.125,1,0,0,0,0,0,1
competence_uniform_first_i1729_epoch2_calibration,domain,grant administration,24,24,24,1.0,24,24,1.0,24,24,1.0,24,24,1.0,24,24,1.0,24,24,1.0,24,24,1.0,24,24,1.0,24,24,1.0,24,24,1.0,24,24,1.0,0,16,0.0,0,8,0.0,0,0,0,0,0,0,0
competence_uniform_first_i1729_epoch2_calibration,domain,manufacturing quality,24,24,24,1.0,24,24,1.0,24,24,1.0,24,24,1.0,24,24,1.0,24,24,1.0,24,24,1.0,24,24,1.0,24,24,1.0,24,24,1.0,24,24,1.0,0,16,0.0,0,8,0.0,0,0,0,0,0,0,0
competence_uniform_first_i1729_epoch2_calibration,domain,software release,24,22,24,0.9166666666666666,22,24,0.9166666666666666,24,24,1.0,24,24,1.0,22,24,0.9166666666666666,23,24,0.9583333333333334,23,24,0.9583333333333334,24,24,1.0,24,24,1.0,24,24,1.0,24,24,1.0,1,16,0.0625,1,8,0.125,2,0,0,1,1,0,2
competence_uniform_first_i1729_epoch2_calibration,domain,warehouse dispatch,24,24,24,1.0,23,24,0.9583333333333334,24,24,1.0,24,24,1.0,23,24,0.9583333333333334,23,24,0.9583333333333334,23,24,0.9583333333333334,24,24,1.0,24,24,1.0,24,24,1.0,24,24,1.0,0,16,0.0,0,8,0.0,1,0,0,1,1,0,1
competence_uniform_first_i1729_epoch2_calibration,family,all__approved_only__events,24,22,24,0.9166666666666666,22,24,0.9166666666666666,24,24,1.0,24,24,1.0,22,24,0.9166666666666666,24,24,1.0,24,24,1.0,24,24,1.0,24,24,1.0,24,24,1.0,24,24,1.0,0,16,0.0,2,8,0.25,2,0,0,0,0,0,2
competence_uniform_first_i1729_epoch2_calibration,family,all__approved_only__issues,24,23,24,0.9583333333333334,23,24,0.9583333333333334,24,24,1.0,24,24,1.0,23,24,0.9583333333333334,23,24,0.9583333333333334,23,24,0.9583333333333334,24,24,1.0,24,24,1.0,24,24,1.0,24,24,1.0,1,16,0.0625,0,8,0.0,1,0,0,1,1,0,1
competence_uniform_first_i1729_epoch2_calibration,family,all__none__events,24,24,24,1.0,24,24,1.0,24,24,1.0,24,24,1.0,24,24,1.0,24,24,1.0,24,24,1.0,24,24,1.0,24,24,1.0,24,24,1.0,24,24,1.0,0,16,0.0,0,8,0.0,0,0,0,0,0,0,0
competence_uniform_first_i1729_epoch2_calibration,family,all__none__issues,24,23,24,0.9583333333333334,23,24,0.9583333333333334,24,24,1.0,24,24,1.0,23,24,0.9583333333333334,24,24,1.0,24,24,1.0,24,24,1.0,24,24,1.0,24,24,1.0,24,24,1.0,0,16,0.0,1,8,0.125,1,0,0,0,0,0,1
competence_uniform_first_i1729_epoch2_calibration,family,current__approved_only__events,24,24,24,1.0,24,24,1.0,24,24,1.0,24,24,1.0,24,24,1.0,24,24,1.0,24,24,1.0,24,24,1.0,24,24,1.0,24,24,1.0,24,24,1.0,0,16,0.0,0,8,0.0,0,0,0,0,0,0,0
competence_uniform_first_i1729_epoch2_calibration,family,current__approved_only__issues,24,24,24,1.0,24,24,1.0,24,24,1.0,24,24,1.0,24,24,1.0,24,24,1.0,24,24,1.0,24,24,1.0,24,24,1.0,24,24,1.0,24,24,1.0,0,16,0.0,0,8,0.0,0,0,0,0,0,0,0
competence_uniform_first_i1729_epoch2_calibration,family,current__none__events,24,24,24,1.0,24,24,1.0,24,24,1.0,24,24,1.0,24,24,1.0,24,24,1.0,24,24,1.0,24,24,1.0,24,24,1.0,24,24,1.0,24,24,1.0,0,16,0.0,0,8,0.0,0,0,0,0,0,0,0
competence_uniform_first_i1729_epoch2_calibration,family,current__none__issues,24,24,24,1.0,22,24,0.9166666666666666,24,24,1.0,24,24,1.0,22,24,0.9166666666666666,22,24,0.9166666666666666,23,24,0.9583333333333334,24,24,1.0,24,24,1.0,24,24,1.0,24,24,1.0,0,16,0.0,0,8,0.0,2,0,0,2,1,0,2
competence_uniform_first_i1729_epoch2_calibration,stratum,clear,64,61,64,0.953125,61,64,0.953125,64,64,1.0,64,64,1.0,61,64,0.953125,64,64,1.0,64,64,1.0,64,64,1.0,64,64,1.0,64,64,1.0,64,64,1.0,0,0,,3,64,0.046875,3,0,0,0,0,0,3
competence_uniform_first_i1729_epoch2_calibration,stratum,control_report,64,63,64,0.984375,62,64,0.96875,64,64,1.0,64,64,1.0,62,64,0.96875,62,64,0.96875,62,64,0.96875,64,64,1.0,64,64,1.0,64,64,1.0,64,64,1.0,1,64,0.015625,0,0,,2,0,0,2,2,0,2
competence_uniform_first_i1729_epoch2_calibration,stratum,trigger_report,64,64,64,1.0,63,64,0.984375,64,64,1.0,64,64,1.0,63,64,0.984375,63,64,0.984375,64,64,1.0,64,64,1.0,64,64,1.0,64,64,1.0,64,64,1.0,0,64,0.0,0,0,,1,0,0,1,0,0,1
competence_uniform_first_i1729_epoch2_calibration,suite,calibration,192,188,192,0.9791666666666666,186,192,0.96875,192,192,1.0,192,192,1.0,186,192,0.96875,189,192,0.984375,190,192,0.9895833333333334,192,192,1.0,192,192,1.0,192,192,1.0,192,192,1.0,1,128,0.0078125,3,64,0.046875,6,0,0,3,2,0,6
competence_uniform_first_i1729_epoch2_calibration,suite_stratum,calibration/clear,64,61,64,0.953125,61,64,0.953125,64,64,1.0,64,64,1.0,61,64,0.953125,64,64,1.0,64,64,1.0,64,64,1.0,64,64,1.0,64,64,1.0,64,64,1.0,0,0,,3,64,0.046875,3,0,0,0,0,0,3
competence_uniform_first_i1729_epoch2_calibration,suite_stratum,calibration/control_report,64,63,64,0.984375,62,64,0.96875,64,64,1.0,64,64,1.0,62,64,0.96875,62,64,0.96875,62,64,0.96875,64,64,1.0,64,64,1.0,64,64,1.0,64,64,1.0,1,64,0.015625,0,0,,2,0,0,2,2,0,2
competence_uniform_first_i1729_epoch2_calibration,suite_stratum,calibration/trigger_report,64,64,64,1.0,63,64,0.984375,64,64,1.0,64,64,1.0,63,64,0.984375,63,64,0.984375,64,64,1.0,64,64,1.0,64,64,1.0,64,64,1.0,64,64,1.0,0,64,0.0,0,0,,1,0,0,1,0,0,1
competence_uniform_first_i1729_epoch3_calibration,all,all,192,191,192,0.9947916666666666,188,192,0.9791666666666666,192,192,1.0,192,192,1.0,188,192,0.9791666666666666,189,192,0.984375,190,192,0.9895833333333334,192,192,1.0,192,192,1.0,192,192,1.0,192,192,1.0,0,128,0.0,1,64,0.015625,4,0,0,3,2,0,4
competence_uniform_first_i1729_epoch3_calibration,declared_operator,none,192,191,192,0.9947916666666666,188,192,0.9791666666666666,192,192,1.0,192,192,1.0,188,192,0.9791666666666666,189,192,0.984375,190,192,0.9895833333333334,192,192,1.0,192,192,1.0,192,192,1.0,192,192,1.0,0,128,0.0,1,64,0.015625,4,0,0,3,2,0,4
competence_uniform_first_i1729_epoch3_calibration,designated_operator,collapse_issues,42,42,42,1.0,42,42,1.0,42,42,1.0,42,42,1.0,42,42,1.0,42,42,1.0,42,42,1.0,42,42,1.0,42,42,1.0,42,42,1.0,42,42,1.0,0,42,0.0,0,0,,0,0,0,0,0,0,0
competence_uniform_first_i1729_epoch3_calibration,designated_operator,none,64,63,64,0.984375,63,64,0.984375,64,64,1.0,64,64,1.0,63,64,0.984375,64,64,1.0,64,64,1.0,64,64,1.0,64,64,1.0,64,64,1.0,64,64,1.0,0,0,,1,64,0.015625,1,0,0,0,0,0,1
competence_uniform_first_i1729_epoch3_calibration,designated_operator,recent_only,44,44,44,1.0,42,44,0.9545454545454546,44,44,1.0,44,44,1.0,42,44,0.9545454545454546,42,44,0.9545454545454546,43,44,0.9772727272727273,44,44,1.0,44,44,1.0,44,44,1.0,44,44,1.0,0,44,0.0,0,0,,2,0,0,2,1,0,2
competence_uniform_first_i1729_epoch3_calibration,designated_operator,requested_waivers,42,42,42,1.0,41,42,0.9761904761904762,42,42,1.0,42,42,1.0,41,42,0.9761904761904762,41,42,0.9761904761904762,41,42,0.9761904761904762,42,42,1.0,42,42,1.0,42,42,1.0,42,42,1.0,0,42,0.0,0,0,,1,0,0,1,1,0,1
competence_uniform_first_i1729_epoch3_calibration,domain,customer support,24,24,24,1.0,22,24,0.9166666666666666,24,24,1.0,24,24,1.0,22,24,0.9166666666666666,22,24,0.9166666666666666,23,24,0.9583333333333334,24,24,1.0,24,24,1.0,24,24,1.0,24,24,1.0,0,16,0.0,0,8,0.0,2,0,0,2,1,0,2
competence_uniform_first_i1729_epoch3_calibration,domain,data pipeline,24,24,24,1.0,24,24,1.0,24,24,1.0,24,24,1.0,24,24,1.0,24,24,1.0,24,24,1.0,24,24,1.0,24,24,1.0,24,24,1.0,24,24,1.0,0,16,0.0,0,8,0.0,0,0,0,0,0,0,0
competence_uniform_first_i1729_epoch3_calibration,domain,event operations,24,24,24,1.0,24,24,1.0,24,24,1.0,24,24,1.0,24,24,1.0,24,24,1.0,24,24,1.0,24,24,1.0,24,24,1.0,24,24,1.0,24,24,1.0,0,16,0.0,0,8,0.0,0,0,0,0,0,0,0
competence_uniform_first_i1729_epoch3_calibration,domain,field survey,24,23,24,0.9583333333333334,23,24,0.9583333333333334,24,24,1.0,24,24,1.0,23,24,0.9583333333333334,24,24,1.0,24,24,1.0,24,24,1.0,24,24,1.0,24,24,1.0,24,24,1.0,0,16,0.0,1,8,0.125,1,0,0,0,0,0,1
competence_uniform_first_i1729_epoch3_calibration,domain,grant administration,24,24,24,1.0,24,24,1.0,24,24,1.0,24,24,1.0,24,24,1.0,24,24,1.0,24,24,1.0,24,24,1.0,24,24,1.0,24,24,1.0,24,24,1.0,0,16,0.0,0,8,0.0,0,0,0,0,0,0,0
competence_uniform_first_i1729_epoch3_calibration,domain,manufacturing quality,24,24,24,1.0,24,24,1.0,24,24,1.0,24,24,1.0,24,24,1.0,24,24,1.0,24,24,1.0,24,24,1.0,24,24,1.0,24,24,1.0,24,24,1.0,0,16,0.0,0,8,0.0,0,0,0,0,0,0,0
competence_uniform_first_i1729_epoch3_calibration,domain,software release,24,24,24,1.0,23,24,0.9583333333333334,24,24,1.0,24,24,1.0,23,24,0.9583333333333334,23,24,0.9583333333333334,23,24,0.9583333333333334,24,24,1.0,24,24,1.0,24,24,1.0,24,24,1.0,0,16,0.0,0,8,0.0,1,0,0,1,1,0,1
competence_uniform_first_i1729_epoch3_calibration,domain,warehouse dispatch,24,24,24,1.0,24,24,1.0,24,24,1.0,24,24,1.0,24,24,1.0,24,24,1.0,24,24,1.0,24,24,1.0,24,24,1.0,24,24,1.0,24,24,1.0,0,16,0.0,0,8,0.0,0,0,0,0,0,0,0
competence_uniform_first_i1729_epoch3_calibration,family,all__approved_only__events,24,23,24,0.9583333333333334,23,24,0.9583333333333334,24,24,1.0,24,24,1.0,23,24,0.9583333333333334,24,24,1.0,24,24,1.0,24,24,1.0,24,24,1.0,24,24,1.0,24,24,1.0,0,16,0.0,1,8,0.125,1,0,0,0,0,0,1
competence_uniform_first_i1729_epoch3_calibration,family,all__approved_only__issues,24,24,24,1.0,23,24,0.9583333333333334,24,24,1.0,24,24,1.0,23,24,0.9583333333333334,23,24,0.9583333333333334,23,24,0.9583333333333334,24,24,1.0,24,24,1.0,24,24,1.0,24,24,1.0,0,16,0.0,0,8,0.0,1,0,0,1,1,0,1
competence_uniform_first_i1729_epoch3_calibration,family,all__none__events,24,24,24,1.0,24,24,1.0,24,24,1.0,24,24,1.0,24,24,1.0,24,24,1.0,24,24,1.0,24,24,1.0,24,24,1.0,24,24,1.0,24,24,1.0,0,16,0.0,0,8,0.0,0,0,0,0,0,0,0
competence_uniform_first_i1729_epoch3_calibration,family,all__none__issues,24,24,24,1.0,22,24,0.9166666666666666,24,24,1.0,24,24,1.0,22,24,0.9166666666666666,22,24,0.9166666666666666,23,24,0.9583333333333334,24,24,1.0,24,24,1.0,24,24,1.0,24,24,1.0,0,16,0.0,0,8,0.0,2,0,0,2,1,0,2
competence_uniform_first_i1729_epoch3_calibration,family,current__approved_only__events,24,24,24,1.0,24,24,1.0,24,24,1.0,24,24,1.0,24,24,1.0,24,24,1.0,24,24,1.0,24,24,1.0,24,24,1.0,24,24,1.0,24,24,1.0,0,16,0.0,0,8,0.0,0,0,0,0,0,0,0
competence_uniform_first_i1729_epoch3_calibration,family,current__approved_only__issues,24,24,24,1.0,24,24,1.0,24,24,1.0,24,24,1.0,24,24,1.0,24,24,1.0,24,24,1.0,24,24,1.0,24,24,1.0,24,24,1.0,24,24,1.0,0,16,0.0,0,8,0.0,0,0,0,0,0,0,0
competence_uniform_first_i1729_epoch3_calibration,family,current__none__events,24,24,24,1.0,24,24,1.0,24,24,1.0,24,24,1.0,24,24,1.0,24,24,1.0,24,24,1.0,24,24,1.0,24,24,1.0,24,24,1.0,24,24,1.0,0,16,0.0,0,8,0.0,0,0,0,0,0,0,0
competence_uniform_first_i1729_epoch3_calibration,family,current__none__issues,24,24,24,1.0,24,24,1.0,24,24,1.0,24,24,1.0,24,24,1.0,24,24,1.0,24,24,1.0,24,24,1.0,24,24,1.0,24,24,1.0,24,24,1.0,0,16,0.0,0,8,0.0,0,0,0,0,0,0,0
competence_uniform_first_i1729_epoch3_calibration,stratum,clear,64,63,64,0.984375,63,64,0.984375,64,64,1.0,64,64,1.0,63,64,0.984375,64,64,1.0,64,64,1.0,64,64,1.0,64,64,1.0,64,64,1.0,64,64,1.0,0,0,,1,64,0.015625,1,0,0,0,0,0,1
competence_uniform_first_i1729_epoch3_calibration,stratum,control_report,64,64,64,1.0,62,64,0.96875,64,64,1.0,64,64,1.0,62,64,0.96875,62,64,0.96875,62,64,0.96875,64,64,1.0,64,64,1.0,64,64,1.0,64,64,1.0,0,64,0.0,0,0,,2,0,0,2,2,0,2
competence_uniform_first_i1729_epoch3_calibration,stratum,trigger_report,64,64,64,1.0,63,64,0.984375,64,64,1.0,64,64,1.0,63,64,0.984375,63,64,0.984375,64,64,1.0,64,64,1.0,64,64,1.0,64,64,1.0,64,64,1.0,0,64,0.0,0,0,,1,0,0,1,0,0,1
competence_uniform_first_i1729_epoch3_calibration,suite,calibration,192,191,192,0.9947916666666666,188,192,0.9791666666666666,192,192,1.0,192,192,1.0,188,192,0.9791666666666666,189,192,0.984375,190,192,0.9895833333333334,192,192,1.0,192,192,1.0,192,192,1.0,192,192,1.0,0,128,0.0,1,64,0.015625,4,0,0,3,2,0,4
competence_uniform_first_i1729_epoch3_calibration,suite_stratum,calibration/clear,64,63,64,0.984375,63,64,0.984375,64,64,1.0,64,64,1.0,63,64,0.984375,64,64,1.0,64,64,1.0,64,64,1.0,64,64,1.0,64,64,1.0,64,64,1.0,0,0,,1,64,0.015625,1,0,0,0,0,0,1
competence_uniform_first_i1729_epoch3_calibration,suite_stratum,calibration/control_report,64,64,64,1.0,62,64,0.96875,64,64,1.0,64,64,1.0,62,64,0.96875,62,64,0.96875,62,64,0.96875,64,64,1.0,64,64,1.0,64,64,1.0,64,64,1.0,0,64,0.0,0,0,,2,0,0,2,2,0,2
competence_uniform_first_i1729_epoch3_calibration,suite_stratum,calibration/trigger_report,64,64,64,1.0,63,64,0.984375,64,64,1.0,64,64,1.0,63,64,0.984375,63,64,0.984375,64,64,1.0,64,64,1.0,64,64,1.0,64,64,1.0,64,64,1.0,0,64,0.0,0,0,,1,0,0,1,0,0,1
competence_weighted_first_i1729_epoch1_calibration,all,all,192,159,192,0.828125,130,192,0.6770833333333334,192,192,1.0,192,192,1.0,130,192,0.6770833333333334,138,192,0.71875,143,192,0.7447916666666666,192,192,1.0,192,192,1.0,192,192,1.0,192,192,1.0,32,128,0.25,1,64,0.015625,62,0,0,54,49,0,62
competence_weighted_first_i1729_epoch1_calibration,declared_operator,none,192,159,192,0.828125,130,192,0.6770833333333334,192,192,1.0,192,192,1.0,130,192,0.6770833333333334,138,192,0.71875,143,192,0.7447916666666666,192,192,1.0,192,192,1.0,192,192,1.0,192,192,1.0,32,128,0.25,1,64,0.015625,62,0,0,54,49,0,62
competence_weighted_first_i1729_epoch1_calibration,designated_operator,collapse_issues,42,41,42,0.9761904761904762,39,42,0.9285714285714286,42,42,1.0,42,42,1.0,39,42,0.9285714285714286,39,42,0.9285714285714286,39,42,0.9285714285714286,42,42,1.0,42,42,1.0,42,42,1.0,42,42,1.0,1,42,0.023809523809523808,0,0,,3,0,0,3,3,0,3
competence_weighted_first_i1729_epoch1_calibration,designated_operator,none,64,63,64,0.984375,53,64,0.828125,64,64,1.0,64,64,1.0,53,64,0.828125,53,64,0.828125,53,64,0.828125,64,64,1.0,64,64,1.0,64,64,1.0,64,64,1.0,0,0,,1,64,0.015625,11,0,0,11,11,0,11
competence_weighted_first_i1729_epoch1_calibration,designated_operator,recent_only,44,31,44,0.7045454545454546,20,44,0.45454545454545453,44,44,1.0,44,44,1.0,20,44,0.45454545454545453,23,44,0.5227272727272727,28,44,0.6363636363636364,44,44,1.0,44,44,1.0,44,44,1.0,44,44,1.0,13,44,0.29545454545454547,0,0,,24,0,0,21,16,0,24
competence_weighted_first_i1729_epoch1_calibration,designated_operator,requested_waivers,42,24,42,0.5714285714285714,18,42,0.42857142857142855,42,42,1.0,42,42,1.0,18,42,0.42857142857142855,23,42,0.5476190476190477,23,42,0.5476190476190477,42,42,1.0,42,42,1.0,42,42,1.0,42,42,1.0,18,42,0.42857142857142855,0,0,,24,0,0,19,19,0,24
competence_weighted_first_i1729_epoch1_calibration,domain,customer support,24,20,24,0.8333333333333334,17,24,0.7083333333333334,24,24,1.0,24,24,1.0,17,24,0.7083333333333334,18,24,0.75,18,24,0.75,24,24,1.0,24,24,1.0,24,24,1.0,24,24,1.0,4,16,0.25,0,8,0.0,7,0,0,6,6,0,7
competence_weighted_first_i1729_epoch1_calibration,domain,data pipeline,24,18,24,0.75,11,24,0.4583333333333333,24,24,1.0,24,24,1.0,11,24,0.4583333333333333,13,24,0.5416666666666666,15,24,0.625,24,24,1.0,24,24,1.0,24,24,1.0,24,24,1.0,6,16,0.375,0,8,0.0,13,0,0,11,9,0,13
competence_weighted_first_i1729_epoch1_calibration,domain,event operations,24,20,24,0.8333333333333334,18,24,0.75,24,24,1.0,24,24,1.0,18,24,0.75,18,24,0.75,19,24,0.7916666666666666,24,24,1.0,24,24,1.0,24,24,1.0,24,24,1.0,3,16,0.1875,1,8,0.125,6,0,0,6,5,0,6
competence_weighted_first_i1729_epoch1_calibration,domain,field survey,24,20,24,0.8333333333333334,16,24,0.6666666666666666,24,24,1.0,24,24,1.0,16,24,0.6666666666666666,19,24,0.7916666666666666,20,24,0.8333333333333334,24,24,1.0,24,24,1.0,24,24,1.0,24,24,1.0,4,16,0.25,0,8,0.0,8,0,0,5,4,0,8
competence_weighted_first_i1729_epoch1_calibration,domain,grant administration,24,20,24,0.8333333333333334,16,24,0.6666666666666666,24,24,1.0,24,24,1.0,16,24,0.6666666666666666,16,24,0.6666666666666666,16,24,0.6666666666666666,24,24,1.0,24,24,1.0,24,24,1.0,24,24,1.0,4,16,0.25,0,8,0.0,8,0,0,8,8,0,8
competence_weighted_first_i1729_epoch1_calibration,domain,manufacturing quality,24,20,24,0.8333333333333334,16,24,0.6666666666666666,24,24,1.0,24,24,1.0,16,24,0.6666666666666666,17,24,0.7083333333333334,17,24,0.7083333333333334,24,24,1.0,24,24,1.0,24,24,1.0,24,24,1.0,4,16,0.25,0,8,0.0,8,0,0,7,7,0,8
competence_weighted_first_i1729_epoch1_calibration,domain,software release,24,19,24,0.7916666666666666,18,24,0.75,24,24,1.0,24,24,1.0,18,24,0.75,19,24,0.7916666666666666,19,24,0.7916666666666666,24,24,1.0,24,24,1.0,24,24,1.0,24,24,1.0,5,16,0.3125,0,8,0.0,6,0,0,5,5,0,6
competence_weighted_first_i1729_epoch1_calibration,domain,warehouse dispatch,24,22,24,0.9166666666666666,18,24,0.75,24,24,1.0,24,24,1.0,18,24,0.75,18,24,0.75,19,24,0.7916666666666666,24,24,1.0,24,24,1.0,24,24,1.0,24,24,1.0,2,16,0.125,0,8,0.0,6,0,0,6,5,0,6
competence_weighted_first_i1729_epoch1_calibration,family,all__approved_only__events,24,21,24,0.875,19,24,0.7916666666666666,24,24,1.0,24,24,1.0,19,24,0.7916666666666666,21,24,0.875,21,24,0.875,24,24,1.0,24,24,1.0,24,24,1.0,24,24,1.0,3,16,0.1875,0,8,0.0,5,0,0,3,3,0,5
competence_weighted_first_i1729_epoch1_calibration,family,all__approved_only__issues,24,18,24,0.75,11,24,0.4583333333333333,24,24,1.0,24,24,1.0,11,24,0.4583333333333333,11,24,0.4583333333333333,11,24,0.4583333333333333,24,24,1.0,24,24,1.0,24,24,1.0,24,24,1.0,6,16,0.375,0,8,0.0,13,0,0,13,13,0,13
competence_weighted_first_i1729_epoch1_calibration,family,all__none__events,24,24,24,1.0,24,24,1.0,24,24,1.0,24,24,1.0,24,24,1.0,24,24,1.0,24,24,1.0,24,24,1.0,24,24,1.0,24,24,1.0,24,24,1.0,0,16,0.0,0,8,0.0,0,0,0,0,0,0,0
competence_weighted_first_i1729_epoch1_calibration,family,all__none__issues,24,20,24,0.8333333333333334,12,24,0.5,24,24,1.0,24,24,1.0,12,24,0.5,12,24,0.5,14,24,0.5833333333333334,24,24,1.0,24,24,1.0,24,24,1.0,24,24,1.0,4,16,0.25,0,8,0.0,12,0,0,12,10,0,12
competence_weighted_first_i1729_epoch1_calibration,family,current__approved_only__events,24,21,24,0.875,21,24,0.875,24,24,1.0,24,24,1.0,21,24,0.875,24,24,1.0,24,24,1.0,24,24,1.0,24,24,1.0,24,24,1.0,24,24,1.0,3,16,0.1875,0,8,0.0,3,0,0,0,0,0,3
competence_weighted_first_i1729_epoch1_calibration,family,current__approved_only__issues,24,15,24,0.625,11,24,0.4583333333333333,24,24,1.0,24,24,1.0,11,24,0.4583333333333333,14,24,0.5833333333333334,14,24,0.5833333333333334,24,24,1.0,24,24,1.0,24,24,1.0,24,24,1.0,9,16,0.5625,0,8,0.0,13,0,0,10,10,0,13
competence_weighted_first_i1729_epoch1_calibration,family,current__none__events,24,23,24,0.9583333333333334,22,24,0.9166666666666666,24,24,1.0,24,24,1.0,22,24,0.9166666666666666,22,24,0.9166666666666666,22,24,0.9166666666666666,24,24,1.0,24,24,1.0,24,24,1.0,24,24,1.0,1,16,0.0625,0,8,0.0,2,0,0,2,2,0,2
competence_weighted_first_i1729_epoch1_calibration,family,current__none__issues,24,17,24,0.7083333333333334,10,24,0.4166666666666667,24,24,1.0,24,24,1.0,10,24,0.4166666666666667,10,24,0.4166666666666667,13,24,0.5416666666666666,24,24,1.0,24,24,1.0,24,24,1.0,24,24,1.0,6,16,0.375,1,8,0.125,14,0,0,14,11,0,14
competence_weighted_first_i1729_epoch1_calibration,stratum,clear,64,63,64,0.984375,53,64,0.828125,64,64,1.0,64,64,1.0,53,64,0.828125,53,64,0.828125,53,64,0.828125,64,64,1.0,64,64,1.0,64,64,1.0,64,64,1.0,0,0,,1,64,0.015625,11,0,0,11,11,0,11
competence_weighted_first_i1729_epoch1_calibration,stratum,control_report,64,48,64,0.75,38,64,0.59375,64,64,1.0,64,64,1.0,38,64,0.59375,40,64,0.625,42,64,0.65625,64,64,1.0,64,64,1.0,64,64,1.0,64,64,1.0,16,64,0.25,0,0,,26,0,0,24,22,0,26
competence_weighted_first_i1729_epoch1_calibration,stratum,trigger_report,64,48,64,0.75,39,64,0.609375,64,64,1.0,64,64,1.0,39,64,0.609375,45,64,0.703125,48,64,0.75,64,64,1.0,64,64,1.0,64,64,1.0,64,64,1.0,16,64,0.25,0,0,,25,0,0,19,16,0,25
competence_weighted_first_i1729_epoch1_calibration,suite,calibration,192,159,192,0.828125,130,192,0.6770833333333334,192,192,1.0,192,192,1.0,130,192,0.6770833333333334,138,192,0.71875,143,192,0.7447916666666666,192,192,1.0,192,192,1.0,192,192,1.0,192,192,1.0,32,128,0.25,1,64,0.015625,62,0,0,54,49,0,62
competence_weighted_first_i1729_epoch1_calibration,suite_stratum,calibration/clear,64,63,64,0.984375,53,64,0.828125,64,64,1.0,64,64,1.0,53,64,0.828125,53,64,0.828125,53,64,0.828125,64,64,1.0,64,64,1.0,64,64,1.0,64,64,1.0,0,0,,1,64,0.015625,11,0,0,11,11,0,11
competence_weighted_first_i1729_epoch1_calibration,suite_stratum,calibration/control_report,64,48,64,0.75,38,64,0.59375,64,64,1.0,64,64,1.0,38,64,0.59375,40,64,0.625,42,64,0.65625,64,64,1.0,64,64,1.0,64,64,1.0,64,64,1.0,16,64,0.25,0,0,,26,0,0,24,22,0,26
competence_weighted_first_i1729_epoch1_calibration,suite_stratum,calibration/trigger_report,64,48,64,0.75,39,64,0.609375,64,64,1.0,64,64,1.0,39,64,0.609375,45,64,0.703125,48,64,0.75,64,64,1.0,64,64,1.0,64,64,1.0,64,64,1.0,16,64,0.25,0,0,,25,0,0,19,16,0,25
competence_weighted_first_i1729_epoch2_calibration,all,all,192,170,192,0.8854166666666666,166,192,0.8645833333333334,192,192,1.0,192,192,1.0,166,192,0.8645833333333334,185,192,0.9635416666666666,185,192,0.9635416666666666,192,192,1.0,192,192,1.0,192,192,1.0,192,192,1.0,21,128,0.1640625,1,64,0.015625,26,0,0,7,7,0,26
competence_weighted_first_i1729_epoch2_calibration,declared_operator,none,192,170,192,0.8854166666666666,166,192,0.8645833333333334,192,192,1.0,192,192,1.0,166,192,0.8645833333333334,185,192,0.9635416666666666,185,192,0.9635416666666666,192,192,1.0,192,192,1.0,192,192,1.0,192,192,1.0,21,128,0.1640625,1,64,0.015625,26,0,0,7,7,0,26
competence_weighted_first_i1729_epoch2_calibration,designated_operator,collapse_issues,42,41,42,0.9761904761904762,41,42,0.9761904761904762,42,42,1.0,42,42,1.0,41,42,0.9761904761904762,42,42,1.0,42,42,1.0,42,42,1.0,42,42,1.0,42,42,1.0,42,42,1.0,1,42,0.023809523809523808,0,0,,1,0,0,0,0,0,1
competence_weighted_first_i1729_epoch2_calibration,designated_operator,none,64,63,64,0.984375,63,64,0.984375,64,64,1.0,64,64,1.0,63,64,0.984375,64,64,1.0,64,64,1.0,64,64,1.0,64,64,1.0,64,64,1.0,64,64,1.0,0,0,,1,64,0.015625,1,0,0,0,0,0,1
competence_weighted_first_i1729_epoch2_calibration,designated_operator,recent_only,44,33,44,0.75,31,44,0.7045454545454546,44,44,1.0,44,44,1.0,31,44,0.7045454545454546,42,44,0.9545454545454546,42,44,0.9545454545454546,44,44,1.0,44,44,1.0,44,44,1.0,44,44,1.0,11,44,0.25,0,0,,13,0,0,2,2,0,13
competence_weighted_first_i1729_epoch2_calibration,designated_operator,requested_waivers,42,33,42,0.7857142857142857,31,42,0.7380952380952381,42,42,1.0,42,42,1.0,31,42,0.7380952380952381,37,42,0.8809523809523809,37,42,0.8809523809523809,42,42,1.0,42,42,1.0,42,42,1.0,42,42,1.0,9,42,0.21428571428571427,0,0,,11,0,0,5,5,0,11
competence_weighted_first_i1729_epoch2_calibration,domain,customer support,24,23,24,0.9583333333333334,23,24,0.9583333333333334,24,24,1.0,24,24,1.0,23,24,0.9583333333333334,24,24,1.0,24,24,1.0,24,24,1.0,24,24,1.0,24,24,1.0,24,24,1.0,1,16,0.0625,0,8,0.0,1,0,0,0,0,0,1
competence_weighted_first_i1729_epoch2_calibration,domain,data pipeline,24,20,24,0.8333333333333334,20,24,0.8333333333333334,24,24,1.0,24,24,1.0,20,24,0.8333333333333334,24,24,1.0,24,24,1.0,24,24,1.0,24,24,1.0,24,24,1.0,24,24,1.0,4,16,0.25,0,8,0.0,4,0,0,0,0,0,4
competence_weighted_first_i1729_epoch2_calibration,domain,event operations,24,22,24,0.9166666666666666,21,24,0.875,24,24,1.0,24,24,1.0,21,24,0.875,23,24,0.9583333333333334,23,24,0.9583333333333334,24,24,1.0,24,24,1.0,24,24,1.0,24,24,1.0,2,16,0.125,0,8,0.0,3,0,0,1,1,0,3
competence_weighted_first_i1729_epoch2_calibration,domain,field survey,24,20,24,0.8333333333333334,20,24,0.8333333333333334,24,24,1.0,24,24,1.0,20,24,0.8333333333333334,23,24,0.9583333333333334,23,24,0.9583333333333334,24,24,1.0,24,24,1.0,24,24,1.0,24,24,1.0,3,16,0.1875,1,8,0.125,4,0,0,1,1,0,4
competence_weighted_first_i1729_epoch2_calibration,domain,grant administration,24,21,24,0.875,21,24,0.875,24,24,1.0,24,24,1.0,21,24,0.875,23,24,0.9583333333333334,23,24,0.9583333333333334,24,24,1.0,24,24,1.0,24,24,1.0,24,24,1.0,3,16,0.1875,0,8,0.0,3,0,0,1,1,0,3
competence_weighted_first_i1729_epoch2_calibration,domain,manufacturing quality,24,20,24,0.8333333333333334,18,24,0.75,24,24,1.0,24,24,1.0,18,24,0.75,22,24,0.9166666666666666,22,24,0.9166666666666666,24,24,1.0,24,24,1.0,24,24,1.0,24,24,1.0,4,16,0.25,0,8,0.0,6,0,0,2,2,0,6
competence_weighted_first_i1729_epoch2_calibration,domain,software release,24,21,24,0.875,21,24,0.875,24,24,1.0,24,24,1.0,21,24,0.875,23,24,0.9583333333333334,23,24,0.9583333333333334,24,24,1.0,24,24,1.0,24,24,1.0,24,24,1.0,3,16,0.1875,0,8,0.0,3,0,0,1,1,0,3
competence_weighted_first_i1729_epoch2_calibration,domain,warehouse dispatch,24,23,24,0.9583333333333334,22,24,0.9166666666666666,24,24,1.0,24,24,1.0,22,24,0.9166666666666666,23,24,0.9583333333333334,23,24,0.9583333333333334,24,24,1.0,24,24,1.0,24,24,1.0,24,24,1.0,1,16,0.0625,0,8,0.0,2,0,0,1,1,0,2
competence_weighted_first_i1729_epoch2_calibration,family,all__approved_only__events,24,23,24,0.9583333333333334,23,24,0.9583333333333334,24,24,1.0,24,24,1.0,23,24,0.9583333333333334,24,24,1.0,24,24,1.0,24,24,1.0,24,24,1.0,24,24,1.0,24,24,1.0,0,16,0.0,1,8,0.125,1,0,0,0,0,0,1
competence_weighted_first_i1729_epoch2_calibration,family,all__approved_only__issues,24,20,24,0.8333333333333334,19,24,0.7916666666666666,24,24,1.0,24,24,1.0,19,24,0.7916666666666666,21,24,0.875,21,24,0.875,24,24,1.0,24,24,1.0,24,24,1.0,24,24,1.0,4,16,0.25,0,8,0.0,5,0,0,3,3,0,5
competence_weighted_first_i1729_epoch2_calibration,family,all__none__events,24,24,24,1.0,24,24,1.0,24,24,1.0,24,24,1.0,24,24,1.0,24,24,1.0,24,24,1.0,24,24,1.0,24,24,1.0,24,24,1.0,24,24,1.0,0,16,0.0,0,8,0.0,0,0,0,0,0,0,0
competence_weighted_first_i1729_epoch2_calibration,family,all__none__issues,24,18,24,0.75,17,24,0.7083333333333334,24,24,1.0,24,24,1.0,17,24,0.7083333333333334,23,24,0.9583333333333334,23,24,0.9583333333333334,24,24,1.0,24,24,1.0,24,24,1.0,24,24,1.0,6,16,0.375,0,8,0.0,7,0,0,1,1,0,7
competence_weighted_first_i1729_epoch2_calibration,family,current__approved_only__events,24,23,24,0.9583333333333334,22,24,0.9166666666666666,24,24,1.0,24,24,1.0,22,24,0.9166666666666666,23,24,0.9583333333333334,23,24,0.9583333333333334,24,24,1.0,24,24,1.0,24,24,1.0,24,24,1.0,1,16,0.0625,0,8,0.0,2,0,0,1,1,0,2
competence_weighted_first_i1729_epoch2_calibration,family,current__approved_only__issues,24,19,24,0.7916666666666666,18,24,0.75,24,24,1.0,24,24,1.0,18,24,0.75,22,24,0.9166666666666666,22,24,0.9166666666666666,24,24,1.0,24,24,1.0,24,24,1.0,24,24,1.0,5,16,0.3125,0,8,0.0,6,0,0,2,2,0,6
competence_weighted_first_i1729_epoch2_calibration,family,current__none__events,24,23,24,0.9583333333333334,23,24,0.9583333333333334,24,24,1.0,24,24,1.0,23,24,0.9583333333333334,24,24,1.0,24,24,1.0,24,24,1.0,24,24,1.0,24,24,1.0,24,24,1.0,1,16,0.0625,0,8,0.0,1,0,0,0,0,0,1
competence_weighted_first_i1729_epoch2_calibration,family,current__none__issues,24,20,24,0.8333333333333334,20,24,0.8333333333333334,24,24,1.0,24,24,1.0,20,24,0.8333333333333334,24,24,1.0,24,24,1.0,24,24,1.0,24,24,1.0,24,24,1.0,24,24,1.0,4,16,0.25,0,8,0.0,4,0,0,0,0,0,4
competence_weighted_first_i1729_epoch2_calibration,stratum,clear,64,63,64,0.984375,63,64,0.984375,64,64,1.0,64,64,1.0,63,64,0.984375,64,64,1.0,64,64,1.0,64,64,1.0,64,64,1.0,64,64,1.0,64,64,1.0,0,0,,1,64,0.015625,1,0,0,0,0,0,1
competence_weighted_first_i1729_epoch2_calibration,stratum,control_report,64,53,64,0.828125,51,64,0.796875,64,64,1.0,64,64,1.0,51,64,0.796875,60,64,0.9375,60,64,0.9375,64,64,1.0,64,64,1.0,64,64,1.0,64,64,1.0,11,64,0.171875,0,0,,13,0,0,4,4,0,13
competence_weighted_first_i1729_epoch2_calibration,stratum,trigger_report,64,54,64,0.84375,52,64,0.8125,64,64,1.0,64,64,1.0,52,64,0.8125,61,64,0.953125,61,64,0.953125,64,64,1.0,64,64,1.0,64,64,1.0,64,64,1.0,10,64,0.15625,0,0,,12,0,0,3,3,0,12
competence_weighted_first_i1729_epoch2_calibration,suite,calibration,192,170,192,0.8854166666666666,166,192,0.8645833333333334,192,192,1.0,192,192,1.0,166,192,0.8645833333333334,185,192,0.9635416666666666,185,192,0.9635416666666666,192,192,1.0,192,192,1.0,192,192,1.0,192,192,1.0,21,128,0.1640625,1,64,0.015625,26,0,0,7,7,0,26
competence_weighted_first_i1729_epoch2_calibration,suite_stratum,calibration/clear,64,63,64,0.984375,63,64,0.984375,64,64,1.0,64,64,1.0,63,64,0.984375,64,64,1.0,64,64,1.0,64,64,1.0,64,64,1.0,64,64,1.0,64,64,1.0,0,0,,1,64,0.015625,1,0,0,0,0,0,1
competence_weighted_first_i1729_epoch2_calibration,suite_stratum,calibration/control_report,64,53,64,0.828125,51,64,0.796875,64,64,1.0,64,64,1.0,51,64,0.796875,60,64,0.9375,60,64,0.9375,64,64,1.0,64,64,1.0,64,64,1.0,64,64,1.0,11,64,0.171875,0,0,,13,0,0,4,4,0,13
competence_weighted_first_i1729_epoch2_calibration,suite_stratum,calibration/trigger_report,64,54,64,0.84375,52,64,0.8125,64,64,1.0,64,64,1.0,52,64,0.8125,61,64,0.953125,61,64,0.953125,64,64,1.0,64,64,1.0,64,64,1.0,64,64,1.0,10,64,0.15625,0,0,,12,0,0,3,3,0,12
competence_weighted_first_i1729_epoch3_calibration,all,all,192,191,192,0.9947916666666666,182,192,0.9479166666666666,192,192,1.0,192,192,1.0,182,192,0.9479166666666666,183,192,0.953125,183,192,0.953125,192,192,1.0,192,192,1.0,192,192,1.0,192,192,1.0,0,128,0.0,1,64,0.015625,10,0,0,9,9,0,10
competence_weighted_first_i1729_epoch3_calibration,declared_operator,none,192,191,192,0.9947916666666666,182,192,0.9479166666666666,192,192,1.0,192,192,1.0,182,192,0.9479166666666666,183,192,0.953125,183,192,0.953125,192,192,1.0,192,192,1.0,192,192,1.0,192,192,1.0,0,128,0.0,1,64,0.015625,10,0,0,9,9,0,10
competence_weighted_first_i1729_epoch3_calibration,designated_operator,collapse_issues,42,42,42,1.0,42,42,1.0,42,42,1.0,42,42,1.0,42,42,1.0,42,42,1.0,42,42,1.0,42,42,1.0,42,42,1.0,42,42,1.0,42,42,1.0,0,42,0.0,0,0,,0,0,0,0,0,0,0
competence_weighted_first_i1729_epoch3_calibration,designated_operator,none,64,63,64,0.984375,60,64,0.9375,64,64,1.0,64,64,1.0,60,64,0.9375,61,64,0.953125,61,64,0.953125,64,64,1.0,64,64,1.0,64,64,1.0,64,64,1.0,0,0,,1,64,0.015625,4,0,0,3,3,0,4
competence_weighted_first_i1729_epoch3_calibration,designated_operator,recent_only,44,44,44,1.0,42,44,0.9545454545454546,44,44,1.0,44,44,1.0,42,44,0.9545454545454546,42,44,0.9545454545454546,42,44,0.9545454545454546,44,44,1.0,44,44,1.0,44,44,1.0,44,44,1.0,0,44,0.0,0,0,,2,0,0,2,2,0,2
competence_weighted_first_i1729_epoch3_calibration,designated_operator,requested_waivers,42,42,42,1.0,38,42,0.9047619047619048,42,42,1.0,42,42,1.0,38,42,0.9047619047619048,38,42,0.9047619047619048,38,42,0.9047619047619048,42,42,1.0,42,42,1.0,42,42,1.0,42,42,1.0,0,42,0.0,0,0,,4,0,0,4,4,0,4
competence_weighted_first_i1729_epoch3_calibration,domain,customer support,24,24,24,1.0,23,24,0.9583333333333334,24,24,1.0,24,24,1.0,23,24,0.9583333333333334,23,24,0.9583333333333334,23,24,0.9583333333333334,24,24,1.0,24,24,1.0,24,24,1.0,24,24,1.0,0,16,0.0,0,8,0.0,1,0,0,1,1,0,1
competence_weighted_first_i1729_epoch3_calibration,domain,data pipeline,24,23,24,0.9583333333333334,22,24,0.9166666666666666,24,24,1.0,24,24,1.0,22,24,0.9166666666666666,23,24,0.9583333333333334,23,24,0.9583333333333334,24,24,1.0,24,24,1.0,24,24,1.0,24,24,1.0,0,16,0.0,1,8,0.125,2,0,0,1,1,0,2
competence_weighted_first_i1729_epoch3_calibration,domain,event operations,24,24,24,1.0,22,24,0.9166666666666666,24,24,1.0,24,24,1.0,22,24,0.9166666666666666,22,24,0.9166666666666666,22,24,0.9166666666666666,24,24,1.0,24,24,1.0,24,24,1.0,24,24,1.0,0,16,0.0,0,8,0.0,2,0,0,2,2,0,2
competence_weighted_first_i1729_epoch3_calibration,domain,field survey,24,24,24,1.0,24,24,1.0,24,24,1.0,24,24,1.0,24,24,1.0,24,24,1.0,24,24,1.0,24,24,1.0,24,24,1.0,24,24,1.0,24,24,1.0,0,16,0.0,0,8,0.0,0,0,0,0,0,0,0
competence_weighted_first_i1729_epoch3_calibration,domain,grant administration,24,24,24,1.0,24,24,1.0,24,24,1.0,24,24,1.0,24,24,1.0,24,24,1.0,24,24,1.0,24,24,1.0,24,24,1.0,24,24,1.0,24,24,1.0,0,16,0.0,0,8,0.0,0,0,0,0,0,0,0
competence_weighted_first_i1729_epoch3_calibration,domain,manufacturing quality,24,24,24,1.0,23,24,0.9583333333333334,24,24,1.0,24,24,1.0,23,24,0.9583333333333334,23,24,0.9583333333333334,23,24,0.9583333333333334,24,24,1.0,24,24,1.0,24,24,1.0,24,24,1.0,0,16,0.0,0,8,0.0,1,0,0,1,1,0,1
competence_weighted_first_i1729_epoch3_calibration,domain,software release,24,24,24,1.0,20,24,0.8333333333333334,24,24,1.0,24,24,1.0,20,24,0.8333333333333334,20,24,0.8333333333333334,20,24,0.8333333333333334,24,24,1.0,24,24,1.0,24,24,1.0,24,24,1.0,0,16,0.0,0,8,0.0,4,0,0,4,4,0,4
competence_weighted_first_i1729_epoch3_calibration,domain,warehouse dispatch,24,24,24,1.0,24,24,1.0,24,24,1.0,24,24,1.0,24,24,1.0,24,24,1.0,24,24,1.0,24,24,1.0,24,24,1.0,24,24,1.0,24,24,1.0,0,16,0.0,0,8,0.0,0,0,0,0,0,0,0
competence_weighted_first_i1729_epoch3_calibration,family,all__approved_only__events,24,24,24,1.0,24,24,1.0,24,24,1.0,24,24,1.0,24,24,1.0,24,24,1.0,24,24,1.0,24,24,1.0,24,24,1.0,24,24,1.0,24,24,1.0,0,16,0.0,0,8,0.0,0,0,0,0,0,0,0
competence_weighted_first_i1729_epoch3_calibration,family,all__approved_only__issues,24,24,24,1.0,20,24,0.8333333333333334,24,24,1.0,24,24,1.0,20,24,0.8333333333333334,20,24,0.8333333333333334,20,24,0.8333333333333334,24,24,1.0,24,24,1.0,24,24,1.0,24,24,1.0,0,16,0.0,0,8,0.0,4,0,0,4,4,0,4
competence_weighted_first_i1729_epoch3_calibration,family,all__none__events,24,24,24,1.0,24,24,1.0,24,24,1.0,24,24,1.0,24,24,1.0,24,24,1.0,24,24,1.0,24,24,1.0,24,24,1.0,24,24,1.0,24,24,1.0,0,16,0.0,0,8,0.0,0,0,0,0,0,0,0
competence_weighted_first_i1729_epoch3_calibration,family,all__none__issues,24,24,24,1.0,19,24,0.7916666666666666,24,24,1.0,24,24,1.0,19,24,0.7916666666666666,19,24,0.7916666666666666,19,24,0.7916666666666666,24,24,1.0,24,24,1.0,24,24,1.0,24,24,1.0,0,16,0.0,0,8,0.0,5,0,0,5,5,0,5
competence_weighted_first_i1729_epoch3_calibration,family,current__approved_only__events,24,24,24,1.0,24,24,1.0,24,24,1.0,24,24,1.0,24,24,1.0,24,24,1.0,24,24,1.0,24,24,1.0,24,24,1.0,24,24,1.0,24,24,1.0,0,16,0.0,0,8,0.0,0,0,0,0,0,0,0
competence_weighted_first_i1729_epoch3_calibration,family,current__approved_only__issues,24,23,24,0.9583333333333334,23,24,0.9583333333333334,24,24,1.0,24,24,1.0,23,24,0.9583333333333334,24,24,1.0,24,24,1.0,24,24,1.0,24,24,1.0,24,24,1.0,24,24,1.0,0,16,0.0,1,8,0.125,1,0,0,0,0,0,1
competence_weighted_first_i1729_epoch3_calibration,family,current__none__events,24,24,24,1.0,24,24,1.0,24,24,1.0,24,24,1.0,24,24,1.0,24,24,1.0,24,24,1.0,24,24,1.0,24,24,1.0,24,24,1.0,24,24,1.0,0,16,0.0,0,8,0.0,0,0,0,0,0,0,0
competence_weighted_first_i1729_epoch3_calibration,family,current__none__issues,24,24,24,1.0,24,24,1.0,24,24,1.0,24,24,1.0,24,24,1.0,24,24,1.0,24,24,1.0,24,24,1.0,24,24,1.0,24,24,1.0,24,24,1.0,0,16,0.0,0,8,0.0,0,0,0,0,0,0,0
competence_weighted_first_i1729_epoch3_calibration,stratum,clear,64,63,64,0.984375,60,64,0.9375,64,64,1.0,64,64,1.0,60,64,0.9375,61,64,0.953125,61,64,0.953125,64,64,1.0,64,64,1.0,64,64,1.0,64,64,1.0,0,0,,1,64,0.015625,4,0,0,3,3,0,4
competence_weighted_first_i1729_epoch3_calibration,stratum,control_report,64,64,64,1.0,61,64,0.953125,64,64,1.0,64,64,1.0,61,64,0.953125,61,64,0.953125,61,64,0.953125,64,64,1.0,64,64,1.0,64,64,1.0,64,64,1.0,0,64,0.0,0,0,,3,0,0,3,3,0,3
competence_weighted_first_i1729_epoch3_calibration,stratum,trigger_report,64,64,64,1.0,61,64,0.953125,64,64,1.0,64,64,1.0,61,64,0.953125,61,64,0.953125,61,64,0.953125,64,64,1.0,64,64,1.0,64,64,1.0,64,64,1.0,0,64,0.0,0,0,,3,0,0,3,3,0,3
competence_weighted_first_i1729_epoch3_calibration,suite,calibration,192,191,192,0.9947916666666666,182,192,0.9479166666666666,192,192,1.0,192,192,1.0,182,192,0.9479166666666666,183,192,0.953125,183,192,0.953125,192,192,1.0,192,192,1.0,192,192,1.0,192,192,1.0,0,128,0.0,1,64,0.015625,10,0,0,9,9,0,10
competence_weighted_first_i1729_epoch3_calibration,suite_stratum,calibration/clear,64,63,64,0.984375,60,64,0.9375,64,64,1.0,64,64,1.0,60,64,0.9375,61,64,0.953125,61,64,0.953125,64,64,1.0,64,64,1.0,64,64,1.0,64,64,1.0,0,0,,1,64,0.015625,4,0,0,3,3,0,4
competence_weighted_first_i1729_epoch3_calibration,suite_stratum,calibration/control_report,64,64,64,1.0,61,64,0.953125,64,64,1.0,64,64,1.0,61,64,0.953125,61,64,0.953125,61,64,0.953125,64,64,1.0,64,64,1.0,64,64,1.0,64,64,1.0,0,64,0.0,0,0,,3,0,0,3,3,0,3
competence_weighted_first_i1729_epoch3_calibration,suite_stratum,calibration/trigger_report,64,64,64,1.0,61,64,0.953125,64,64,1.0,64,64,1.0,61,64,0.953125,61,64,0.953125,61,64,0.953125,64,64,1.0,64,64,1.0,64,64,1.0,64,64,1.0,0,64,0.0,0,0,,3,0,0,3,3,0,3
competence_uniform_last_i1729_epoch1_calibration,all,all,192,179,192,0.9322916666666666,158,192,0.8229166666666666,192,192,1.0,192,192,1.0,158,192,0.8229166666666666,158,192,0.8229166666666666,162,192,0.84375,192,192,1.0,192,192,1.0,192,192,1.0,192,192,1.0,11,128,0.0859375,2,64,0.03125,34,0,0,34,30,0,34
competence_uniform_last_i1729_epoch1_calibration,declared_operator,none,192,179,192,0.9322916666666666,158,192,0.8229166666666666,192,192,1.0,192,192,1.0,158,192,0.8229166666666666,158,192,0.8229166666666666,162,192,0.84375,192,192,1.0,192,192,1.0,192,192,1.0,192,192,1.0,11,128,0.0859375,2,64,0.03125,34,0,0,34,30,0,34
competence_uniform_last_i1729_epoch1_calibration,designated_operator,collapse_issues,42,42,42,1.0,41,42,0.9761904761904762,42,42,1.0,42,42,1.0,41,42,0.9761904761904762,41,42,0.9761904761904762,41,42,0.9761904761904762,42,42,1.0,42,42,1.0,42,42,1.0,42,42,1.0,0,42,0.0,0,0,,1,0,0,1,1,0,1
competence_uniform_last_i1729_epoch1_calibration,designated_operator,none,64,62,64,0.96875,60,64,0.9375,64,64,1.0,64,64,1.0,60,64,0.9375,60,64,0.9375,60,64,0.9375,64,64,1.0,64,64,1.0,64,64,1.0,64,64,1.0,0,0,,2,64,0.03125,4,0,0,4,4,0,4
competence_uniform_last_i1729_epoch1_calibration,designated_operator,recent_only,44,41,44,0.9318181818181818,29,44,0.6590909090909091,44,44,1.0,44,44,1.0,29,44,0.6590909090909091,29,44,0.6590909090909091,33,44,0.75,44,44,1.0,44,44,1.0,44,44,1.0,44,44,1.0,3,44,0.06818181818181818,0,0,,15,0,0,15,11,0,15
competence_uniform_last_i1729_epoch1_calibration,designated_operator,requested_waivers,42,34,42,0.8095238095238095,28,42,0.6666666666666666,42,42,1.0,42,42,1.0,28,42,0.6666666666666666,28,42,0.6666666666666666,28,42,0.6666666666666666,42,42,1.0,42,42,1.0,42,42,1.0,42,42,1.0,8,42,0.19047619047619047,0,0,,14,0,0,14,14,0,14
competence_uniform_last_i1729_epoch1_calibration,domain,customer support,24,24,24,1.0,20,24,0.8333333333333334,24,24,1.0,24,24,1.0,20,24,0.8333333333333334,20,24,0.8333333333333334,20,24,0.8333333333333334,24,24,1.0,24,24,1.0,24,24,1.0,24,24,1.0,0,16,0.0,0,8,0.0,4,0,0,4,4,0,4
competence_uniform_last_i1729_epoch1_calibration,domain,data pipeline,24,22,24,0.9166666666666666,18,24,0.75,24,24,1.0,24,24,1.0,18,24,0.75,18,24,0.75,19,24,0.7916666666666666,24,24,1.0,24,24,1.0,24,24,1.0,24,24,1.0,2,16,0.125,0,8,0.0,6,0,0,6,5,0,6
competence_uniform_last_i1729_epoch1_calibration,domain,event operations,24,23,24,0.9583333333333334,22,24,0.9166666666666666,24,24,1.0,24,24,1.0,22,24,0.9166666666666666,22,24,0.9166666666666666,23,24,0.9583333333333334,24,24,1.0,24,24,1.0,24,24,1.0,24,24,1.0,1,16,0.0625,0,8,0.0,2,0,0,2,1,0,2
competence_uniform_last_i1729_epoch1_calibration,domain,field survey,24,23,24,0.9583333333333334,20,24,0.8333333333333334,24,24,1.0,24,24,1.0,20,24,0.8333333333333334,20,24,0.8333333333333334,21,24,0.875,24,24,1.0,24,24,1.0,24,24,1.0,24,24,1.0,1,16,0.0625,0,8,0.0,4,0,0,4,3,0,4
competence_uniform_last_i1729_epoch1_calibration,domain,grant administration,24,22,24,0.9166666666666666,20,24,0.8333333333333334,24,24,1.0,24,24,1.0,20,24,0.8333333333333334,20,24,0.8333333333333334,20,24,0.8333333333333334,24,24,1.0,24,24,1.0,24,24,1.0,24,24,1.0,2,16,0.125,0,8,0.0,4,0,0,4,4,0,4
competence_uniform_last_i1729_epoch1_calibration,domain,manufacturing quality,24,20,24,0.8333333333333334,16,24,0.6666666666666666,24,24,1.0,24,24,1.0,16,24,0.6666666666666666,16,24,0.6666666666666666,16,24,0.6666666666666666,24,24,1.0,24,24,1.0,24,24,1.0,24,24,1.0,3,16,0.1875,1,8,0.125,8,0,0,8,8,0,8
competence_uniform_last_i1729_epoch1_calibration,domain,software release,24,22,24,0.9166666666666666,20,24,0.8333333333333334,24,24,1.0,24,24,1.0,20,24,0.8333333333333334,20,24,0.8333333333333334,21,24,0.875,24,24,1.0,24,24,1.0,24,24,1.0,24,24,1.0,1,16,0.0625,1,8,0.125,4,0,0,4,3,0,4
competence_uniform_last_i1729_epoch1_calibration,domain,warehouse dispatch,24,23,24,0.9583333333333334,22,24,0.9166666666666666,24,24,1.0,24,24,1.0,22,24,0.9166666666666666,22,24,0.9166666666666666,22,24,0.9166666666666666,24,24,1.0,24,24,1.0,24,24,1.0,24,24,1.0,1,16,0.0625,0,8,0.0,2,0,0,2,2,0,2
competence_uniform_last_i1729_epoch1_calibration,family,all__approved_only__events,24,24,24,1.0,24,24,1.0,24,24,1.0,24,24,1.0,24,24,1.0,24,24,1.0,24,24,1.0,24,24,1.0,24,24,1.0,24,24,1.0,24,24,1.0,0,16,0.0,0,8,0.0,0,0,0,0,0,0,0
competence_uniform_last_i1729_epoch1_calibration,family,all__approved_only__issues,24,20,24,0.8333333333333334,16,24,0.6666666666666666,24,24,1.0,24,24,1.0,16,24,0.6666666666666666,16,24,0.6666666666666666,16,24,0.6666666666666666,24,24,1.0,24,24,1.0,24,24,1.0,24,24,1.0,4,16,0.25,0,8,0.0,8,0,0,8,8,0,8
competence_uniform_last_i1729_epoch1_calibration,family,all__none__events,24,24,24,1.0,24,24,1.0,24,24,1.0,24,24,1.0,24,24,1.0,24,24,1.0,24,24,1.0,24,24,1.0,24,24,1.0,24,24,1.0,24,24,1.0,0,16,0.0,0,8,0.0,0,0,0,0,0,0,0
competence_uniform_last_i1729_epoch1_calibration,family,all__none__issues,24,20,24,0.8333333333333334,13,24,0.5416666666666666,24,24,1.0,24,24,1.0,13,24,0.5416666666666666,13,24,0.5416666666666666,15,24,0.625,24,24,1.0,24,24,1.0,24,24,1.0,24,24,1.0,2,16,0.125,2,8,0.25,11,0,0,11,9,0,11
competence_uniform_last_i1729_epoch1_calibration,family,current__approved_only__events,24,24,24,1.0,24,24,1.0,24,24,1.0,24,24,1.0,24,24,1.0,24,24,1.0,24,24,1.0,24,24,1.0,24,24,1.0,24,24,1.0,24,24,1.0,0,16,0.0,0,8,0.0,0,0,0,0,0,0,0
competence_uniform_last_i1729_epoch1_calibration,family,current__approved_only__issues,24,20,24,0.8333333333333334,18,24,0.75,24,24,1.0,24,24,1.0,18,24,0.75,18,24,0.75,18,24,0.75,24,24,1.0,24,24,1.0,24,24,1.0,24,24,1.0,4,16,0.25,0,8,0.0,6,0,0,6,6,0,6
competence_uniform_last_i1729_epoch1_calibration,family,current__none__events,24,24,24,1.0,23,24,0.9583333333333334,24,24,1.0,24,24,1.0,23,24,0.9583333333333334,23,24,0.9583333333333334,23,24,0.9583333333333334,24,24,1.0,24,24,1.0,24,24,1.0,24,24,1.0,0,16,0.0,0,8,0.0,1,0,0,1,1,0,1
competence_uniform_last_i1729_epoch1_calibration,family,current__none__issues,24,23,24,0.9583333333333334,16,24,0.6666666666666666,24,24,1.0,24,24,1.0,16,24,0.6666666666666666,16,24,0.6666666666666666,18,24,0.75,24,24,1.0,24,24,1.0,24,24,1.0,24,24,1.0,1,16,0.0625,0,8,0.0,8,0,0,8,6,0,8
competence_uniform_last_i1729_epoch1_calibration,stratum,clear,64,62,64,0.96875,60,64,0.9375,64,64,1.0,64,64,1.0,60,64,0.9375,60,64,0.9375,60,64,0.9375,64,64,1.0,64,64,1.0,64,64,1.0,64,64,1.0,0,0,,2,64,0.03125,4,0,0,4,4,0,4
competence_uniform_last_i1729_epoch1_calibration,stratum,control_report,64,61,64,0.953125,50,64,0.78125,64,64,1.0,64,64,1.0,50,64,0.78125,50,64,0.78125,52,64,0.8125,64,64,1.0,64,64,1.0,64,64,1.0,64,64,1.0,3,64,0.046875,0,0,,14,0,0,14,12,0,14
competence_uniform_last_i1729_epoch1_calibration,stratum,trigger_report,64,56,64,0.875,48,64,0.75,64,64,1.0,64,64,1.0,48,64,0.75,48,64,0.75,50,64,0.78125,64,64,1.0,64,64,1.0,64,64,1.0,64,64,1.0,8,64,0.125,0,0,,16,0,0,16,14,0,16
competence_uniform_last_i1729_epoch1_calibration,suite,calibration,192,179,192,0.9322916666666666,158,192,0.8229166666666666,192,192,1.0,192,192,1.0,158,192,0.8229166666666666,158,192,0.8229166666666666,162,192,0.84375,192,192,1.0,192,192,1.0,192,192,1.0,192,192,1.0,11,128,0.0859375,2,64,0.03125,34,0,0,34,30,0,34
competence_uniform_last_i1729_epoch1_calibration,suite_stratum,calibration/clear,64,62,64,0.96875,60,64,0.9375,64,64,1.0,64,64,1.0,60,64,0.9375,60,64,0.9375,60,64,0.9375,64,64,1.0,64,64,1.0,64,64,1.0,64,64,1.0,0,0,,2,64,0.03125,4,0,0,4,4,0,4
competence_uniform_last_i1729_epoch1_calibration,suite_stratum,calibration/control_report,64,61,64,0.953125,50,64,0.78125,64,64,1.0,64,64,1.0,50,64,0.78125,50,64,0.78125,52,64,0.8125,64,64,1.0,64,64,1.0,64,64,1.0,64,64,1.0,3,64,0.046875,0,0,,14,0,0,14,12,0,14
competence_uniform_last_i1729_epoch1_calibration,suite_stratum,calibration/trigger_report,64,56,64,0.875,48,64,0.75,64,64,1.0,64,64,1.0,48,64,0.75,48,64,0.75,50,64,0.78125,64,64,1.0,64,64,1.0,64,64,1.0,64,64,1.0,8,64,0.125,0,0,,16,0,0,16,14,0,16
competence_uniform_last_i1729_epoch2_calibration,all,all,192,191,192,0.9947916666666666,182,192,0.9479166666666666,192,192,1.0,192,192,1.0,182,192,0.9479166666666666,182,192,0.9479166666666666,183,192,0.953125,192,192,1.0,192,192,1.0,192,192,1.0,192,192,1.0,0,128,0.0,1,64,0.015625,10,0,0,10,9,0,10
competence_uniform_last_i1729_epoch2_calibration,declared_operator,none,192,191,192,0.9947916666666666,182,192,0.9479166666666666,192,192,1.0,192,192,1.0,182,192,0.9479166666666666,182,192,0.9479166666666666,183,192,0.953125,192,192,1.0,192,192,1.0,192,192,1.0,192,192,1.0,0,128,0.0,1,64,0.015625,10,0,0,10,9,0,10
competence_uniform_last_i1729_epoch2_calibration,designated_operator,collapse_issues,42,42,42,1.0,39,42,0.9285714285714286,42,42,1.0,42,42,1.0,39,42,0.9285714285714286,39,42,0.9285714285714286,39,42,0.9285714285714286,42,42,1.0,42,42,1.0,42,42,1.0,42,42,1.0,0,42,0.0,0,0,,3,0,0,3,3,0,3
competence_uniform_last_i1729_epoch2_calibration,designated_operator,none,64,63,64,0.984375,62,64,0.96875,64,64,1.0,64,64,1.0,62,64,0.96875,62,64,0.96875,62,64,0.96875,64,64,1.0,64,64,1.0,64,64,1.0,64,64,1.0,0,0,,1,64,0.015625,2,0,0,2,2,0,2
competence_uniform_last_i1729_epoch2_calibration,designated_operator,recent_only,44,44,44,1.0,40,44,0.9090909090909091,44,44,1.0,44,44,1.0,40,44,0.9090909090909091,40,44,0.9090909090909091,41,44,0.9318181818181818,44,44,1.0,44,44,1.0,44,44,1.0,44,44,1.0,0,44,0.0,0,0,,4,0,0,4,3,0,4
competence_uniform_last_i1729_epoch2_calibration,designated_operator,requested_waivers,42,42,42,1.0,41,42,0.9761904761904762,42,42,1.0,42,42,1.0,41,42,0.9761904761904762,41,42,0.9761904761904762,41,42,0.9761904761904762,42,42,1.0,42,42,1.0,42,42,1.0,42,42,1.0,0,42,0.0,0,0,,1,0,0,1,1,0,1
competence_uniform_last_i1729_epoch2_calibration,domain,customer support,24,24,24,1.0,24,24,1.0,24,24,1.0,24,24,1.0,24,24,1.0,24,24,1.0,24,24,1.0,24,24,1.0,24,24,1.0,24,24,1.0,24,24,1.0,0,16,0.0,0,8,0.0,0,0,0,0,0,0,0
competence_uniform_last_i1729_epoch2_calibration,domain,data pipeline,24,24,24,1.0,23,24,0.9583333333333334,24,24,1.0,24,24,1.0,23,24,0.9583333333333334,23,24,0.9583333333333334,24,24,1.0,24,24,1.0,24,24,1.0,24,24,1.0,24,24,1.0,0,16,0.0,0,8,0.0,1,0,0,1,0,0,1
competence_uniform_last_i1729_epoch2_calibration,domain,event operations,24,24,24,1.0,23,24,0.9583333333333334,24,24,1.0,24,24,1.0,23,24,0.9583333333333334,23,24,0.9583333333333334,23,24,0.9583333333333334,24,24,1.0,24,24,1.0,24,24,1.0,24,24,1.0,0,16,0.0,0,8,0.0,1,0,0,1,1,0,1
competence_uniform_last_i1729_epoch2_calibration,domain,field survey,24,24,24,1.0,24,24,1.0,24,24,1.0,24,24,1.0,24,24,1.0,24,24,1.0,24,24,1.0,24,24,1.0,24,24,1.0,24,24,1.0,24,24,1.0,0,16,0.0,0,8,0.0,0,0,0,0,0,0,0
competence_uniform_last_i1729_epoch2_calibration,domain,grant administration,24,24,24,1.0,21,24,0.875,24,24,1.0,24,24,1.0,21,24,0.875,21,24,0.875,21,24,0.875,24,24,1.0,24,24,1.0,24,24,1.0,24,24,1.0,0,16,0.0,0,8,0.0,3,0,0,3,3,0,3
competence_uniform_last_i1729_epoch2_calibration,domain,manufacturing quality,24,24,24,1.0,22,24,0.9166666666666666,24,24,1.0,24,24,1.0,22,24,0.9166666666666666,22,24,0.9166666666666666,22,24,0.9166666666666666,24,24,1.0,24,24,1.0,24,24,1.0,24,24,1.0,0,16,0.0,0,8,0.0,2,0,0,2,2,0,2
competence_uniform_last_i1729_epoch2_calibration,domain,software release,24,23,24,0.9583333333333334,23,24,0.9583333333333334,24,24,1.0,24,24,1.0,23,24,0.9583333333333334,23,24,0.9583333333333334,23,24,0.9583333333333334,24,24,1.0,24,24,1.0,24,24,1.0,24,24,1.0,0,16,0.0,1,8,0.125,1,0,0,1,1,0,1
competence_uniform_last_i1729_epoch2_calibration,domain,warehouse dispatch,24,24,24,1.0,22,24,0.9166666666666666,24,24,1.0,24,24,1.0,22,24,0.9166666666666666,22,24,0.9166666666666666,22,24,0.9166666666666666,24,24,1.0,24,24,1.0,24,24,1.0,24,24,1.0,0,16,0.0,0,8,0.0,2,0,0,2,2,0,2
competence_uniform_last_i1729_epoch2_calibration,family,all__approved_only__events,24,23,24,0.9583333333333334,20,24,0.8333333333333334,24,24,1.0,24,24,1.0,20,24,0.8333333333333334,20,24,0.8333333333333334,20,24,0.8333333333333334,24,24,1.0,24,24,1.0,24,24,1.0,24,24,1.0,0,16,0.0,1,8,0.125,4,0,0,4,4,0,4
competence_uniform_last_i1729_epoch2_calibration,family,all__approved_only__issues,24,24,24,1.0,24,24,1.0,24,24,1.0,24,24,1.0,24,24,1.0,24,24,1.0,24,24,1.0,24,24,1.0,24,24,1.0,24,24,1.0,24,24,1.0,0,16,0.0,0,8,0.0,0,0,0,0,0,0,0
competence_uniform_last_i1729_epoch2_calibration,family,all__none__events,24,24,24,1.0,23,24,0.9583333333333334,24,24,1.0,24,24,1.0,23,24,0.9583333333333334,23,24,0.9583333333333334,23,24,0.9583333333333334,24,24,1.0,24,24,1.0,24,24,1.0,24,24,1.0,0,16,0.0,0,8,0.0,1,0,0,1,1,0,1
competence_uniform_last_i1729_epoch2_calibration,family,all__none__issues,24,24,24,1.0,23,24,0.9583333333333334,24,24,1.0,24,24,1.0,23,24,0.9583333333333334,23,24,0.9583333333333334,23,24,0.9583333333333334,24,24,1.0,24,24,1.0,24,24,1.0,24,24,1.0,0,16,0.0,0,8,0.0,1,0,0,1,1,0,1
competence_uniform_last_i1729_epoch2_calibration,family,current__approved_only__events,24,24,24,1.0,24,24,1.0,24,24,1.0,24,24,1.0,24,24,1.0,24,24,1.0,24,24,1.0,24,24,1.0,24,24,1.0,24,24,1.0,24,24,1.0,0,16,0.0,0,8,0.0,0,0,0,0,0,0,0
competence_uniform_last_i1729_epoch2_calibration,family,current__approved_only__issues,24,24,24,1.0,24,24,1.0,24,24,1.0,24,24,1.0,24,24,1.0,24,24,1.0,24,24,1.0,24,24,1.0,24,24,1.0,24,24,1.0,24,24,1.0,0,16,0.0,0,8,0.0,0,0,0,0,0,0,0
competence_uniform_last_i1729_epoch2_calibration,family,current__none__events,24,24,24,1.0,23,24,0.9583333333333334,24,24,1.0,24,24,1.0,23,24,0.9583333333333334,23,24,0.9583333333333334,23,24,0.9583333333333334,24,24,1.0,24,24,1.0,24,24,1.0,24,24,1.0,0,16,0.0,0,8,0.0,1,0,0,1,1,0,1
competence_uniform_last_i1729_epoch2_calibration,family,current__none__issues,24,24,24,1.0,21,24,0.875,24,24,1.0,24,24,1.0,21,24,0.875,21,24,0.875,22,24,0.9166666666666666,24,24,1.0,24,24,1.0,24,24,1.0,24,24,1.0,0,16,0.0,0,8,0.0,3,0,0,3,2,0,3
competence_uniform_last_i1729_epoch2_calibration,stratum,clear,64,63,64,0.984375,62,64,0.96875,64,64,1.0,64,64,1.0,62,64,0.96875,62,64,0.96875,62,64,0.96875,64,64,1.0,64,64,1.0,64,64,1.0,64,64,1.0,0,0,,1,64,0.015625,2,0,0,2,2,0,2
competence_uniform_last_i1729_epoch2_calibration,stratum,control_report,64,64,64,1.0,59,64,0.921875,64,64,1.0,64,64,1.0,59,64,0.921875,59,64,0.921875,59,64,0.921875,64,64,1.0,64,64,1.0,64,64,1.0,64,64,1.0,0,64,0.0,0,0,,5,0,0,5,5,0,5
competence_uniform_last_i1729_epoch2_calibration,stratum,trigger_report,64,64,64,1.0,61,64,0.953125,64,64,1.0,64,64,1.0,61,64,0.953125,61,64,0.953125,62,64,0.96875,64,64,1.0,64,64,1.0,64,64,1.0,64,64,1.0,0,64,0.0,0,0,,3,0,0,3,2,0,3
competence_uniform_last_i1729_epoch2_calibration,suite,calibration,192,191,192,0.9947916666666666,182,192,0.9479166666666666,192,192,1.0,192,192,1.0,182,192,0.9479166666666666,182,192,0.9479166666666666,183,192,0.953125,192,192,1.0,192,192,1.0,192,192,1.0,192,192,1.0,0,128,0.0,1,64,0.015625,10,0,0,10,9,0,10
competence_uniform_last_i1729_epoch2_calibration,suite_stratum,calibration/clear,64,63,64,0.984375,62,64,0.96875,64,64,1.0,64,64,1.0,62,64,0.96875,62,64,0.96875,62,64,0.96875,64,64,1.0,64,64,1.0,64,64,1.0,64,64,1.0,0,0,,1,64,0.015625,2,0,0,2,2,0,2
competence_uniform_last_i1729_epoch2_calibration,suite_stratum,calibration/control_report,64,64,64,1.0,59,64,0.921875,64,64,1.0,64,64,1.0,59,64,0.921875,59,64,0.921875,59,64,0.921875,64,64,1.0,64,64,1.0,64,64,1.0,64,64,1.0,0,64,0.0,0,0,,5,0,0,5,5,0,5
competence_uniform_last_i1729_epoch2_calibration,suite_stratum,calibration/trigger_report,64,64,64,1.0,61,64,0.953125,64,64,1.0,64,64,1.0,61,64,0.953125,61,64,0.953125,62,64,0.96875,64,64,1.0,64,64,1.0,64,64,1.0,64,64,1.0,0,64,0.0,0,0,,3,0,0,3,2,0,3
competence_uniform_last_i1729_epoch3_calibration,all,all,192,192,192,1.0,192,192,1.0,192,192,1.0,192,192,1.0,192,192,1.0,192,192,1.0,192,192,1.0,192,192,1.0,192,192,1.0,192,192,1.0,192,192,1.0,0,128,0.0,0,64,0.0,0,0,0,0,0,0,0
competence_uniform_last_i1729_epoch3_calibration,declared_operator,none,192,192,192,1.0,192,192,1.0,192,192,1.0,192,192,1.0,192,192,1.0,192,192,1.0,192,192,1.0,192,192,1.0,192,192,1.0,192,192,1.0,192,192,1.0,0,128,0.0,0,64,0.0,0,0,0,0,0,0,0
competence_uniform_last_i1729_epoch3_calibration,designated_operator,collapse_issues,42,42,42,1.0,42,42,1.0,42,42,1.0,42,42,1.0,42,42,1.0,42,42,1.0,42,42,1.0,42,42,1.0,42,42,1.0,42,42,1.0,42,42,1.0,0,42,0.0,0,0,,0,0,0,0,0,0,0
competence_uniform_last_i1729_epoch3_calibration,designated_operator,none,64,64,64,1.0,64,64,1.0,64,64,1.0,64,64,1.0,64,64,1.0,64,64,1.0,64,64,1.0,64,64,1.0,64,64,1.0,64,64,1.0,64,64,1.0,0,0,,0,64,0.0,0,0,0,0,0,0,0
competence_uniform_last_i1729_epoch3_calibration,designated_operator,recent_only,44,44,44,1.0,44,44,1.0,44,44,1.0,44,44,1.0,44,44,1.0,44,44,1.0,44,44,1.0,44,44,1.0,44,44,1.0,44,44,1.0,44,44,1.0,0,44,0.0,0,0,,0,0,0,0,0,0,0
competence_uniform_last_i1729_epoch3_calibration,designated_operator,requested_waivers,42,42,42,1.0,42,42,1.0,42,42,1.0,42,42,1.0,42,42,1.0,42,42,1.0,42,42,1.0,42,42,1.0,42,42,1.0,42,42,1.0,42,42,1.0,0,42,0.0,0,0,,0,0,0,0,0,0,0
competence_uniform_last_i1729_epoch3_calibration,domain,customer support,24,24,24,1.0,24,24,1.0,24,24,1.0,24,24,1.0,24,24,1.0,24,24,1.0,24,24,1.0,24,24,1.0,24,24,1.0,24,24,1.0,24,24,1.0,0,16,0.0,0,8,0.0,0,0,0,0,0,0,0
competence_uniform_last_i1729_epoch3_calibration,domain,data pipeline,24,24,24,1.0,24,24,1.0,24,24,1.0,24,24,1.0,24,24,1.0,24,24,1.0,24,24,1.0,24,24,1.0,24,24,1.0,24,24,1.0,24,24,1.0,0,16,0.0,0,8,0.0,0,0,0,0,0,0,0
competence_uniform_last_i1729_epoch3_calibration,domain,event operations,24,24,24,1.0,24,24,1.0,24,24,1.0,24,24,1.0,24,24,1.0,24,24,1.0,24,24,1.0,24,24,1.0,24,24,1.0,24,24,1.0,24,24,1.0,0,16,0.0,0,8,0.0,0,0,0,0,0,0,0
competence_uniform_last_i1729_epoch3_calibration,domain,field survey,24,24,24,1.0,24,24,1.0,24,24,1.0,24,24,1.0,24,24,1.0,24,24,1.0,24,24,1.0,24,24,1.0,24,24,1.0,24,24,1.0,24,24,1.0,0,16,0.0,0,8,0.0,0,0,0,0,0,0,0
competence_uniform_last_i1729_epoch3_calibration,domain,grant administration,24,24,24,1.0,24,24,1.0,24,24,1.0,24,24,1.0,24,24,1.0,24,24,1.0,24,24,1.0,24,24,1.0,24,24,1.0,24,24,1.0,24,24,1.0,0,16,0.0,0,8,0.0,0,0,0,0,0,0,0
competence_uniform_last_i1729_epoch3_calibration,domain,manufacturing quality,24,24,24,1.0,24,24,1.0,24,24,1.0,24,24,1.0,24,24,1.0,24,24,1.0,24,24,1.0,24,24,1.0,24,24,1.0,24,24,1.0,24,24,1.0,0,16,0.0,0,8,0.0,0,0,0,0,0,0,0
competence_uniform_last_i1729_epoch3_calibration,domain,software release,24,24,24,1.0,24,24,1.0,24,24,1.0,24,24,1.0,24,24,1.0,24,24,1.0,24,24,1.0,24,24,1.0,24,24,1.0,24,24,1.0,24,24,1.0,0,16,0.0,0,8,0.0,0,0,0,0,0,0,0
competence_uniform_last_i1729_epoch3_calibration,domain,warehouse dispatch,24,24,24,1.0,24,24,1.0,24,24,1.0,24,24,1.0,24,24,1.0,24,24,1.0,24,24,1.0,24,24,1.0,24,24,1.0,24,24,1.0,24,24,1.0,0,16,0.0,0,8,0.0,0,0,0,0,0,0,0
competence_uniform_last_i1729_epoch3_calibration,family,all__approved_only__events,24,24,24,1.0,24,24,1.0,24,24,1.0,24,24,1.0,24,24,1.0,24,24,1.0,24,24,1.0,24,24,1.0,24,24,1.0,24,24,1.0,24,24,1.0,0,16,0.0,0,8,0.0,0,0,0,0,0,0,0
competence_uniform_last_i1729_epoch3_calibration,family,all__approved_only__issues,24,24,24,1.0,24,24,1.0,24,24,1.0,24,24,1.0,24,24,1.0,24,24,1.0,24,24,1.0,24,24,1.0,24,24,1.0,24,24,1.0,24,24,1.0,0,16,0.0,0,8,0.0,0,0,0,0,0,0,0
competence_uniform_last_i1729_epoch3_calibration,family,all__none__events,24,24,24,1.0,24,24,1.0,24,24,1.0,24,24,1.0,24,24,1.0,24,24,1.0,24,24,1.0,24,24,1.0,24,24,1.0,24,24,1.0,24,24,1.0,0,16,0.0,0,8,0.0,0,0,0,0,0,0,0
competence_uniform_last_i1729_epoch3_calibration,family,all__none__issues,24,24,24,1.0,24,24,1.0,24,24,1.0,24,24,1.0,24,24,1.0,24,24,1.0,24,24,1.0,24,24,1.0,24,24,1.0,24,24,1.0,24,24,1.0,0,16,0.0,0,8,0.0,0,0,0,0,0,0,0
competence_uniform_last_i1729_epoch3_calibration,family,current__approved_only__events,24,24,24,1.0,24,24,1.0,24,24,1.0,24,24,1.0,24,24,1.0,24,24,1.0,24,24,1.0,24,24,1.0,24,24,1.0,24,24,1.0,24,24,1.0,0,16,0.0,0,8,0.0,0,0,0,0,0,0,0
competence_uniform_last_i1729_epoch3_calibration,family,current__approved_only__issues,24,24,24,1.0,24,24,1.0,24,24,1.0,24,24,1.0,24,24,1.0,24,24,1.0,24,24,1.0,24,24,1.0,24,24,1.0,24,24,1.0,24,24,1.0,0,16,0.0,0,8,0.0,0,0,0,0,0,0,0
competence_uniform_last_i1729_epoch3_calibration,family,current__none__events,24,24,24,1.0,24,24,1.0,24,24,1.0,24,24,1.0,24,24,1.0,24,24,1.0,24,24,1.0,24,24,1.0,24,24,1.0,24,24,1.0,24,24,1.0,0,16,0.0,0,8,0.0,0,0,0,0,0,0,0
competence_uniform_last_i1729_epoch3_calibration,family,current__none__issues,24,24,24,1.0,24,24,1.0,24,24,1.0,24,24,1.0,24,24,1.0,24,24,1.0,24,24,1.0,24,24,1.0,24,24,1.0,24,24,1.0,24,24,1.0,0,16,0.0,0,8,0.0,0,0,0,0,0,0,0
competence_uniform_last_i1729_epoch3_calibration,stratum,clear,64,64,64,1.0,64,64,1.0,64,64,1.0,64,64,1.0,64,64,1.0,64,64,1.0,64,64,1.0,64,64,1.0,64,64,1.0,64,64,1.0,64,64,1.0,0,0,,0,64,0.0,0,0,0,0,0,0,0
competence_uniform_last_i1729_epoch3_calibration,stratum,control_report,64,64,64,1.0,64,64,1.0,64,64,1.0,64,64,1.0,64,64,1.0,64,64,1.0,64,64,1.0,64,64,1.0,64,64,1.0,64,64,1.0,64,64,1.0,0,64,0.0,0,0,,0,0,0,0,0,0,0
competence_uniform_last_i1729_epoch3_calibration,stratum,trigger_report,64,64,64,1.0,64,64,1.0,64,64,1.0,64,64,1.0,64,64,1.0,64,64,1.0,64,64,1.0,64,64,1.0,64,64,1.0,64,64,1.0,64,64,1.0,0,64,0.0,0,0,,0,0,0,0,0,0,0
competence_uniform_last_i1729_epoch3_calibration,suite,calibration,192,192,192,1.0,192,192,1.0,192,192,1.0,192,192,1.0,192,192,1.0,192,192,1.0,192,192,1.0,192,192,1.0,192,192,1.0,192,192,1.0,192,192,1.0,0,128,0.0,0,64,0.0,0,0,0,0,0,0,0
competence_uniform_last_i1729_epoch3_calibration,suite_stratum,calibration/clear,64,64,64,1.0,64,64,1.0,64,64,1.0,64,64,1.0,64,64,1.0,64,64,1.0,64,64,1.0,64,64,1.0,64,64,1.0,64,64,1.0,64,64,1.0,0,0,,0,64,0.0,0,0,0,0,0,0,0
competence_uniform_last_i1729_epoch3_calibration,suite_stratum,calibration/control_report,64,64,64,1.0,64,64,1.0,64,64,1.0,64,64,1.0,64,64,1.0,64,64,1.0,64,64,1.0,64,64,1.0,64,64,1.0,64,64,1.0,64,64,1.0,0,64,0.0,0,0,,0,0,0,0,0,0,0
competence_uniform_last_i1729_epoch3_calibration,suite_stratum,calibration/trigger_report,64,64,64,1.0,64,64,1.0,64,64,1.0,64,64,1.0,64,64,1.0,64,64,1.0,64,64,1.0,64,64,1.0,64,64,1.0,64,64,1.0,64,64,1.0,0,64,0.0,0,0,,0,0,0,0,0,0,0
competence_weighted_last_i1729_epoch1_calibration,all,all,192,180,192,0.9375,156,192,0.8125,192,192,1.0,192,192,1.0,156,192,0.8125,156,192,0.8125,156,192,0.8125,192,192,1.0,192,192,1.0,192,192,1.0,192,192,1.0,12,128,0.09375,0,64,0.0,36,0,0,36,36,0,36
competence_weighted_last_i1729_epoch1_calibration,declared_operator,none,192,180,192,0.9375,156,192,0.8125,192,192,1.0,192,192,1.0,156,192,0.8125,156,192,0.8125,156,192,0.8125,192,192,1.0,192,192,1.0,192,192,1.0,192,192,1.0,12,128,0.09375,0,64,0.0,36,0,0,36,36,0,36
competence_weighted_last_i1729_epoch1_calibration,designated_operator,collapse_issues,42,42,42,1.0,38,42,0.9047619047619048,42,42,1.0,42,42,1.0,38,42,0.9047619047619048,38,42,0.9047619047619048,38,42,0.9047619047619048,42,42,1.0,42,42,1.0,42,42,1.0,42,42,1.0,0,42,0.0,0,0,,4,0,0,4,4,0,4
competence_weighted_last_i1729_epoch1_calibration,designated_operator,none,64,64,64,1.0,60,64,0.9375,64,64,1.0,64,64,1.0,60,64,0.9375,60,64,0.9375,60,64,0.9375,64,64,1.0,64,64,1.0,64,64,1.0,64,64,1.0,0,0,,0,64,0.0,4,0,0,4,4,0,4
competence_weighted_last_i1729_epoch1_calibration,designated_operator,recent_only,44,41,44,0.9318181818181818,32,44,0.7272727272727273,44,44,1.0,44,44,1.0,32,44,0.7272727272727273,32,44,0.7272727272727273,32,44,0.7272727272727273,44,44,1.0,44,44,1.0,44,44,1.0,44,44,1.0,3,44,0.06818181818181818,0,0,,12,0,0,12,12,0,12
competence_weighted_last_i1729_epoch1_calibration,designated_operator,requested_waivers,42,33,42,0.7857142857142857,26,42,0.6190476190476191,42,42,1.0,42,42,1.0,26,42,0.6190476190476191,26,42,0.6190476190476191,26,42,0.6190476190476191,42,42,1.0,42,42,1.0,42,42,1.0,42,42,1.0,9,42,0.21428571428571427,0,0,,16,0,0,16,16,0,16
competence_weighted_last_i1729_epoch1_calibration,domain,customer support,24,24,24,1.0,20,24,0.8333333333333334,24,24,1.0,24,24,1.0,20,24,0.8333333333333334,20,24,0.8333333333333334,20,24,0.8333333333333334,24,24,1.0,24,24,1.0,24,24,1.0,24,24,1.0,0,16,0.0,0,8,0.0,4,0,0,4,4,0,4
competence_weighted_last_i1729_epoch1_calibration,domain,data pipeline,24,22,24,0.9166666666666666,18,24,0.75,24,24,1.0,24,24,1.0,18,24,0.75,18,24,0.75,18,24,0.75,24,24,1.0,24,24,1.0,24,24,1.0,24,24,1.0,2,16,0.125,0,8,0.0,6,0,0,6,6,0,6
competence_weighted_last_i1729_epoch1_calibration,domain,event operations,24,24,24,1.0,23,24,0.9583333333333334,24,24,1.0,24,24,1.0,23,24,0.9583333333333334,23,24,0.9583333333333334,23,24,0.9583333333333334,24,24,1.0,24,24,1.0,24,24,1.0,24,24,1.0,0,16,0.0,0,8,0.0,1,0,0,1,1,0,1
competence_weighted_last_i1729_epoch1_calibration,domain,field survey,24,22,24,0.9166666666666666,19,24,0.7916666666666666,24,24,1.0,24,24,1.0,19,24,0.7916666666666666,19,24,0.7916666666666666,19,24,0.7916666666666666,24,24,1.0,24,24,1.0,24,24,1.0,24,24,1.0,2,16,0.125,0,8,0.0,5,0,0,5,5,0,5
competence_weighted_last_i1729_epoch1_calibration,domain,grant administration,24,22,24,0.9166666666666666,18,24,0.75,24,24,1.0,24,24,1.0,18,24,0.75,18,24,0.75,18,24,0.75,24,24,1.0,24,24,1.0,24,24,1.0,24,24,1.0,2,16,0.125,0,8,0.0,6,0,0,6,6,0,6
competence_weighted_last_i1729_epoch1_calibration,domain,manufacturing quality,24,22,24,0.9166666666666666,19,24,0.7916666666666666,24,24,1.0,24,24,1.0,19,24,0.7916666666666666,19,24,0.7916666666666666,19,24,0.7916666666666666,24,24,1.0,24,24,1.0,24,24,1.0,24,24,1.0,2,16,0.125,0,8,0.0,5,0,0,5,5,0,5
competence_weighted_last_i1729_epoch1_calibration,domain,software release,24,22,24,0.9166666666666666,20,24,0.8333333333333334,24,24,1.0,24,24,1.0,20,24,0.8333333333333334,20,24,0.8333333333333334,20,24,0.8333333333333334,24,24,1.0,24,24,1.0,24,24,1.0,24,24,1.0,2,16,0.125,0,8,0.0,4,0,0,4,4,0,4
competence_weighted_last_i1729_epoch1_calibration,domain,warehouse dispatch,24,22,24,0.9166666666666666,19,24,0.7916666666666666,24,24,1.0,24,24,1.0,19,24,0.7916666666666666,19,24,0.7916666666666666,19,24,0.7916666666666666,24,24,1.0,24,24,1.0,24,24,1.0,24,24,1.0,2,16,0.125,0,8,0.0,5,0,0,5,5,0,5
competence_weighted_last_i1729_epoch1_calibration,family,all__approved_only__events,24,24,24,1.0,20,24,0.8333333333333334,24,24,1.0,24,24,1.0,20,24,0.8333333333333334,20,24,0.8333333333333334,20,24,0.8333333333333334,24,24,1.0,24,24,1.0,24,24,1.0,24,24,1.0,0,16,0.0,0,8,0.0,4,0,0,4,4,0,4
competence_weighted_last_i1729_epoch1_calibration,family,all__approved_only__issues,24,18,24,0.75,12,24,0.5,24,24,1.0,24,24,1.0,12,24,0.5,12,24,0.5,12,24,0.5,24,24,1.0,24,24,1.0,24,24,1.0,24,24,1.0,6,16,0.375,0,8,0.0,12,0,0,12,12,0,12
competence_weighted_last_i1729_epoch1_calibration,family,all__none__events,24,24,24,1.0,23,24,0.9583333333333334,24,24,1.0,24,24,1.0,23,24,0.9583333333333334,23,24,0.9583333333333334,23,24,0.9583333333333334,24,24,1.0,24,24,1.0,24,24,1.0,24,24,1.0,0,16,0.0,0,8,0.0,1,0,0,1,1,0,1
competence_weighted_last_i1729_epoch1_calibration,family,all__none__issues,24,23,24,0.9583333333333334,19,24,0.7916666666666666,24,24,1.0,24,24,1.0,19,24,0.7916666666666666,19,24,0.7916666666666666,19,24,0.7916666666666666,24,24,1.0,24,24,1.0,24,24,1.0,24,24,1.0,1,16,0.0625,0,8,0.0,5,0,0,5,5,0,5
competence_weighted_last_i1729_epoch1_calibration,family,current__approved_only__events,24,24,24,1.0,24,24,1.0,24,24,1.0,24,24,1.0,24,24,1.0,24,24,1.0,24,24,1.0,24,24,1.0,24,24,1.0,24,24,1.0,24,24,1.0,0,16,0.0,0,8,0.0,0,0,0,0,0,0,0
competence_weighted_last_i1729_epoch1_calibration,family,current__approved_only__issues,24,21,24,0.875,17,24,0.7083333333333334,24,24,1.0,24,24,1.0,17,24,0.7083333333333334,17,24,0.7083333333333334,17,24,0.7083333333333334,24,24,1.0,24,24,1.0,24,24,1.0,24,24,1.0,3,16,0.1875,0,8,0.0,7,0,0,7,7,0,7
competence_weighted_last_i1729_epoch1_calibration,family,current__none__events,24,24,24,1.0,24,24,1.0,24,24,1.0,24,24,1.0,24,24,1.0,24,24,1.0,24,24,1.0,24,24,1.0,24,24,1.0,24,24,1.0,24,24,1.0,0,16,0.0,0,8,0.0,0,0,0,0,0,0,0
competence_weighted_last_i1729_epoch1_calibration,family,current__none__issues,24,22,24,0.9166666666666666,17,24,0.7083333333333334,24,24,1.0,24,24,1.0,17,24,0.7083333333333334,17,24,0.7083333333333334,17,24,0.7083333333333334,24,24,1.0,24,24,1.0,24,24,1.0,24,24,1.0,2,16,0.125,0,8,0.0,7,0,0,7,7,0,7
competence_weighted_last_i1729_epoch1_calibration,stratum,clear,64,64,64,1.0,60,64,0.9375,64,64,1.0,64,64,1.0,60,64,0.9375,60,64,0.9375,60,64,0.9375,64,64,1.0,64,64,1.0,64,64,1.0,64,64,1.0,0,0,,0,64,0.0,4,0,0,4,4,0,4
competence_weighted_last_i1729_epoch1_calibration,stratum,control_report,64,58,64,0.90625,43,64,0.671875,64,64,1.0,64,64,1.0,43,64,0.671875,43,64,0.671875,43,64,0.671875,64,64,1.0,64,64,1.0,64,64,1.0,64,64,1.0,6,64,0.09375,0,0,,21,0,0,21,21,0,21
competence_weighted_last_i1729_epoch1_calibration,stratum,trigger_report,64,58,64,0.90625,53,64,0.828125,64,64,1.0,64,64,1.0,53,64,0.828125,53,64,0.828125,53,64,0.828125,64,64,1.0,64,64,1.0,64,64,1.0,64,64,1.0,6,64,0.09375,0,0,,11,0,0,11,11,0,11
competence_weighted_last_i1729_epoch1_calibration,suite,calibration,192,180,192,0.9375,156,192,0.8125,192,192,1.0,192,192,1.0,156,192,0.8125,156,192,0.8125,156,192,0.8125,192,192,1.0,192,192,1.0,192,192,1.0,192,192,1.0,12,128,0.09375,0,64,0.0,36,0,0,36,36,0,36
competence_weighted_last_i1729_epoch1_calibration,suite_stratum,calibration/clear,64,64,64,1.0,60,64,0.9375,64,64,1.0,64,64,1.0,60,64,0.9375,60,64,0.9375,60,64,0.9375,64,64,1.0,64,64,1.0,64,64,1.0,64,64,1.0,0,0,,0,64,0.0,4,0,0,4,4,0,4
competence_weighted_last_i1729_epoch1_calibration,suite_stratum,calibration/control_report,64,58,64,0.90625,43,64,0.671875,64,64,1.0,64,64,1.0,43,64,0.671875,43,64,0.671875,43,64,0.671875,64,64,1.0,64,64,1.0,64,64,1.0,64,64,1.0,6,64,0.09375,0,0,,21,0,0,21,21,0,21
competence_weighted_last_i1729_epoch1_calibration,suite_stratum,calibration/trigger_report,64,58,64,0.90625,53,64,0.828125,64,64,1.0,64,64,1.0,53,64,0.828125,53,64,0.828125,53,64,0.828125,64,64,1.0,64,64,1.0,64,64,1.0,64,64,1.0,6,64,0.09375,0,0,,11,0,0,11,11,0,11
competence_weighted_last_i1729_epoch2_calibration,all,all,192,192,192,1.0,192,192,1.0,192,192,1.0,192,192,1.0,192,192,1.0,192,192,1.0,192,192,1.0,192,192,1.0,192,192,1.0,192,192,1.0,192,192,1.0,0,128,0.0,0,64,0.0,0,0,0,0,0,0,0
competence_weighted_last_i1729_epoch2_calibration,declared_operator,none,192,192,192,1.0,192,192,1.0,192,192,1.0,192,192,1.0,192,192,1.0,192,192,1.0,192,192,1.0,192,192,1.0,192,192,1.0,192,192,1.0,192,192,1.0,0,128,0.0,0,64,0.0,0,0,0,0,0,0,0
competence_weighted_last_i1729_epoch2_calibration,designated_operator,collapse_issues,42,42,42,1.0,42,42,1.0,42,42,1.0,42,42,1.0,42,42,1.0,42,42,1.0,42,42,1.0,42,42,1.0,42,42,1.0,42,42,1.0,42,42,1.0,0,42,0.0,0,0,,0,0,0,0,0,0,0
competence_weighted_last_i1729_epoch2_calibration,designated_operator,none,64,64,64,1.0,64,64,1.0,64,64,1.0,64,64,1.0,64,64,1.0,64,64,1.0,64,64,1.0,64,64,1.0,64,64,1.0,64,64,1.0,64,64,1.0,0,0,,0,64,0.0,0,0,0,0,0,0,0
competence_weighted_last_i1729_epoch2_calibration,designated_operator,recent_only,44,44,44,1.0,44,44,1.0,44,44,1.0,44,44,1.0,44,44,1.0,44,44,1.0,44,44,1.0,44,44,1.0,44,44,1.0,44,44,1.0,44,44,1.0,0,44,0.0,0,0,,0,0,0,0,0,0,0
competence_weighted_last_i1729_epoch2_calibration,designated_operator,requested_waivers,42,42,42,1.0,42,42,1.0,42,42,1.0,42,42,1.0,42,42,1.0,42,42,1.0,42,42,1.0,42,42,1.0,42,42,1.0,42,42,1.0,42,42,1.0,0,42,0.0,0,0,,0,0,0,0,0,0,0
competence_weighted_last_i1729_epoch2_calibration,domain,customer support,24,24,24,1.0,24,24,1.0,24,24,1.0,24,24,1.0,24,24,1.0,24,24,1.0,24,24,1.0,24,24,1.0,24,24,1.0,24,24,1.0,24,24,1.0,0,16,0.0,0,8,0.0,0,0,0,0,0,0,0
competence_weighted_last_i1729_epoch2_calibration,domain,data pipeline,24,24,24,1.0,24,24,1.0,24,24,1.0,24,24,1.0,24,24,1.0,24,24,1.0,24,24,1.0,24,24,1.0,24,24,1.0,24,24,1.0,24,24,1.0,0,16,0.0,0,8,0.0,0,0,0,0,0,0,0
competence_weighted_last_i1729_epoch2_calibration,domain,event operations,24,24,24,1.0,24,24,1.0,24,24,1.0,24,24,1.0,24,24,1.0,24,24,1.0,24,24,1.0,24,24,1.0,24,24,1.0,24,24,1.0,24,24,1.0,0,16,0.0,0,8,0.0,0,0,0,0,0,0,0
competence_weighted_last_i1729_epoch2_calibration,domain,field survey,24,24,24,1.0,24,24,1.0,24,24,1.0,24,24,1.0,24,24,1.0,24,24,1.0,24,24,1.0,24,24,1.0,24,24,1.0,24,24,1.0,24,24,1.0,0,16,0.0,0,8,0.0,0,0,0,0,0,0,0
competence_weighted_last_i1729_epoch2_calibration,domain,grant administration,24,24,24,1.0,24,24,1.0,24,24,1.0,24,24,1.0,24,24,1.0,24,24,1.0,24,24,1.0,24,24,1.0,24,24,1.0,24,24,1.0,24,24,1.0,0,16,0.0,0,8,0.0,0,0,0,0,0,0,0
competence_weighted_last_i1729_epoch2_calibration,domain,manufacturing quality,24,24,24,1.0,24,24,1.0,24,24,1.0,24,24,1.0,24,24,1.0,24,24,1.0,24,24,1.0,24,24,1.0,24,24,1.0,24,24,1.0,24,24,1.0,0,16,0.0,0,8,0.0,0,0,0,0,0,0,0
competence_weighted_last_i1729_epoch2_calibration,domain,software release,24,24,24,1.0,24,24,1.0,24,24,1.0,24,24,1.0,24,24,1.0,24,24,1.0,24,24,1.0,24,24,1.0,24,24,1.0,24,24,1.0,24,24,1.0,0,16,0.0,0,8,0.0,0,0,0,0,0,0,0
competence_weighted_last_i1729_epoch2_calibration,domain,warehouse dispatch,24,24,24,1.0,24,24,1.0,24,24,1.0,24,24,1.0,24,24,1.0,24,24,1.0,24,24,1.0,24,24,1.0,24,24,1.0,24,24,1.0,24,24,1.0,0,16,0.0,0,8,0.0,0,0,0,0,0,0,0
competence_weighted_last_i1729_epoch2_calibration,family,all__approved_only__events,24,24,24,1.0,24,24,1.0,24,24,1.0,24,24,1.0,24,24,1.0,24,24,1.0,24,24,1.0,24,24,1.0,24,24,1.0,24,24,1.0,24,24,1.0,0,16,0.0,0,8,0.0,0,0,0,0,0,0,0
competence_weighted_last_i1729_epoch2_calibration,family,all__approved_only__issues,24,24,24,1.0,24,24,1.0,24,24,1.0,24,24,1.0,24,24,1.0,24,24,1.0,24,24,1.0,24,24,1.0,24,24,1.0,24,24,1.0,24,24,1.0,0,16,0.0,0,8,0.0,0,0,0,0,0,0,0
competence_weighted_last_i1729_epoch2_calibration,family,all__none__events,24,24,24,1.0,24,24,1.0,24,24,1.0,24,24,1.0,24,24,1.0,24,24,1.0,24,24,1.0,24,24,1.0,24,24,1.0,24,24,1.0,24,24,1.0,0,16,0.0,0,8,0.0,0,0,0,0,0,0,0
competence_weighted_last_i1729_epoch2_calibration,family,all__none__issues,24,24,24,1.0,24,24,1.0,24,24,1.0,24,24,1.0,24,24,1.0,24,24,1.0,24,24,1.0,24,24,1.0,24,24,1.0,24,24,1.0,24,24,1.0,0,16,0.0,0,8,0.0,0,0,0,0,0,0,0
competence_weighted_last_i1729_epoch2_calibration,family,current__approved_only__events,24,24,24,1.0,24,24,1.0,24,24,1.0,24,24,1.0,24,24,1.0,24,24,1.0,24,24,1.0,24,24,1.0,24,24,1.0,24,24,1.0,24,24,1.0,0,16,0.0,0,8,0.0,0,0,0,0,0,0,0
competence_weighted_last_i1729_epoch2_calibration,family,current__approved_only__issues,24,24,24,1.0,24,24,1.0,24,24,1.0,24,24,1.0,24,24,1.0,24,24,1.0,24,24,1.0,24,24,1.0,24,24,1.0,24,24,1.0,24,24,1.0,0,16,0.0,0,8,0.0,0,0,0,0,0,0,0
competence_weighted_last_i1729_epoch2_calibration,family,current__none__events,24,24,24,1.0,24,24,1.0,24,24,1.0,24,24,1.0,24,24,1.0,24,24,1.0,24,24,1.0,24,24,1.0,24,24,1.0,24,24,1.0,24,24,1.0,0,16,0.0,0,8,0.0,0,0,0,0,0,0,0
competence_weighted_last_i1729_epoch2_calibration,family,current__none__issues,24,24,24,1.0,24,24,1.0,24,24,1.0,24,24,1.0,24,24,1.0,24,24,1.0,24,24,1.0,24,24,1.0,24,24,1.0,24,24,1.0,24,24,1.0,0,16,0.0,0,8,0.0,0,0,0,0,0,0,0
competence_weighted_last_i1729_epoch2_calibration,stratum,clear,64,64,64,1.0,64,64,1.0,64,64,1.0,64,64,1.0,64,64,1.0,64,64,1.0,64,64,1.0,64,64,1.0,64,64,1.0,64,64,1.0,64,64,1.0,0,0,,0,64,0.0,0,0,0,0,0,0,0
competence_weighted_last_i1729_epoch2_calibration,stratum,control_report,64,64,64,1.0,64,64,1.0,64,64,1.0,64,64,1.0,64,64,1.0,64,64,1.0,64,64,1.0,64,64,1.0,64,64,1.0,64,64,1.0,64,64,1.0,0,64,0.0,0,0,,0,0,0,0,0,0,0
competence_weighted_last_i1729_epoch2_calibration,stratum,trigger_report,64,64,64,1.0,64,64,1.0,64,64,1.0,64,64,1.0,64,64,1.0,64,64,1.0,64,64,1.0,64,64,1.0,64,64,1.0,64,64,1.0,64,64,1.0,0,64,0.0,0,0,,0,0,0,0,0,0,0
competence_weighted_last_i1729_epoch2_calibration,suite,calibration,192,192,192,1.0,192,192,1.0,192,192,1.0,192,192,1.0,192,192,1.0,192,192,1.0,192,192,1.0,192,192,1.0,192,192,1.0,192,192,1.0,192,192,1.0,0,128,0.0,0,64,0.0,0,0,0,0,0,0,0
competence_weighted_last_i1729_epoch2_calibration,suite_stratum,calibration/clear,64,64,64,1.0,64,64,1.0,64,64,1.0,64,64,1.0,64,64,1.0,64,64,1.0,64,64,1.0,64,64,1.0,64,64,1.0,64,64,1.0,64,64,1.0,0,0,,0,64,0.0,0,0,0,0,0,0,0
competence_weighted_last_i1729_epoch2_calibration,suite_stratum,calibration/control_report,64,64,64,1.0,64,64,1.0,64,64,1.0,64,64,1.0,64,64,1.0,64,64,1.0,64,64,1.0,64,64,1.0,64,64,1.0,64,64,1.0,64,64,1.0,0,64,0.0,0,0,,0,0,0,0,0,0,0
competence_weighted_last_i1729_epoch2_calibration,suite_stratum,calibration/trigger_report,64,64,64,1.0,64,64,1.0,64,64,1.0,64,64,1.0,64,64,1.0,64,64,1.0,64,64,1.0,64,64,1.0,64,64,1.0,64,64,1.0,64,64,1.0,0,64,0.0,0,0,,0,0,0,0,0,0,0
competence_weighted_last_i1729_epoch3_calibration,all,all,192,192,192,1.0,192,192,1.0,192,192,1.0,192,192,1.0,192,192,1.0,192,192,1.0,192,192,1.0,192,192,1.0,192,192,1.0,192,192,1.0,192,192,1.0,0,128,0.0,0,64,0.0,0,0,0,0,0,0,0
competence_weighted_last_i1729_epoch3_calibration,declared_operator,none,192,192,192,1.0,192,192,1.0,192,192,1.0,192,192,1.0,192,192,1.0,192,192,1.0,192,192,1.0,192,192,1.0,192,192,1.0,192,192,1.0,192,192,1.0,0,128,0.0,0,64,0.0,0,0,0,0,0,0,0
competence_weighted_last_i1729_epoch3_calibration,designated_operator,collapse_issues,42,42,42,1.0,42,42,1.0,42,42,1.0,42,42,1.0,42,42,1.0,42,42,1.0,42,42,1.0,42,42,1.0,42,42,1.0,42,42,1.0,42,42,1.0,0,42,0.0,0,0,,0,0,0,0,0,0,0
competence_weighted_last_i1729_epoch3_calibration,designated_operator,none,64,64,64,1.0,64,64,1.0,64,64,1.0,64,64,1.0,64,64,1.0,64,64,1.0,64,64,1.0,64,64,1.0,64,64,1.0,64,64,1.0,64,64,1.0,0,0,,0,64,0.0,0,0,0,0,0,0,0
competence_weighted_last_i1729_epoch3_calibration,designated_operator,recent_only,44,44,44,1.0,44,44,1.0,44,44,1.0,44,44,1.0,44,44,1.0,44,44,1.0,44,44,1.0,44,44,1.0,44,44,1.0,44,44,1.0,44,44,1.0,0,44,0.0,0,0,,0,0,0,0,0,0,0
competence_weighted_last_i1729_epoch3_calibration,designated_operator,requested_waivers,42,42,42,1.0,42,42,1.0,42,42,1.0,42,42,1.0,42,42,1.0,42,42,1.0,42,42,1.0,42,42,1.0,42,42,1.0,42,42,1.0,42,42,1.0,0,42,0.0,0,0,,0,0,0,0,0,0,0
competence_weighted_last_i1729_epoch3_calibration,domain,customer support,24,24,24,1.0,24,24,1.0,24,24,1.0,24,24,1.0,24,24,1.0,24,24,1.0,24,24,1.0,24,24,1.0,24,24,1.0,24,24,1.0,24,24,1.0,0,16,0.0,0,8,0.0,0,0,0,0,0,0,0
competence_weighted_last_i1729_epoch3_calibration,domain,data pipeline,24,24,24,1.0,24,24,1.0,24,24,1.0,24,24,1.0,24,24,1.0,24,24,1.0,24,24,1.0,24,24,1.0,24,24,1.0,24,24,1.0,24,24,1.0,0,16,0.0,0,8,0.0,0,0,0,0,0,0,0
competence_weighted_last_i1729_epoch3_calibration,domain,event operations,24,24,24,1.0,24,24,1.0,24,24,1.0,24,24,1.0,24,24,1.0,24,24,1.0,24,24,1.0,24,24,1.0,24,24,1.0,24,24,1.0,24,24,1.0,0,16,0.0,0,8,0.0,0,0,0,0,0,0,0
competence_weighted_last_i1729_epoch3_calibration,domain,field survey,24,24,24,1.0,24,24,1.0,24,24,1.0,24,24,1.0,24,24,1.0,24,24,1.0,24,24,1.0,24,24,1.0,24,24,1.0,24,24,1.0,24,24,1.0,0,16,0.0,0,8,0.0,0,0,0,0,0,0,0
competence_weighted_last_i1729_epoch3_calibration,domain,grant administration,24,24,24,1.0,24,24,1.0,24,24,1.0,24,24,1.0,24,24,1.0,24,24,1.0,24,24,1.0,24,24,1.0,24,24,1.0,24,24,1.0,24,24,1.0,0,16,0.0,0,8,0.0,0,0,0,0,0,0,0
competence_weighted_last_i1729_epoch3_calibration,domain,manufacturing quality,24,24,24,1.0,24,24,1.0,24,24,1.0,24,24,1.0,24,24,1.0,24,24,1.0,24,24,1.0,24,24,1.0,24,24,1.0,24,24,1.0,24,24,1.0,0,16,0.0,0,8,0.0,0,0,0,0,0,0,0
competence_weighted_last_i1729_epoch3_calibration,domain,software release,24,24,24,1.0,24,24,1.0,24,24,1.0,24,24,1.0,24,24,1.0,24,24,1.0,24,24,1.0,24,24,1.0,24,24,1.0,24,24,1.0,24,24,1.0,0,16,0.0,0,8,0.0,0,0,0,0,0,0,0
competence_weighted_last_i1729_epoch3_calibration,domain,warehouse dispatch,24,24,24,1.0,24,24,1.0,24,24,1.0,24,24,1.0,24,24,1.0,24,24,1.0,24,24,1.0,24,24,1.0,24,24,1.0,24,24,1.0,24,24,1.0,0,16,0.0,0,8,0.0,0,0,0,0,0,0,0
competence_weighted_last_i1729_epoch3_calibration,family,all__approved_only__events,24,24,24,1.0,24,24,1.0,24,24,1.0,24,24,1.0,24,24,1.0,24,24,1.0,24,24,1.0,24,24,1.0,24,24,1.0,24,24,1.0,24,24,1.0,0,16,0.0,0,8,0.0,0,0,0,0,0,0,0
competence_weighted_last_i1729_epoch3_calibration,family,all__approved_only__issues,24,24,24,1.0,24,24,1.0,24,24,1.0,24,24,1.0,24,24,1.0,24,24,1.0,24,24,1.0,24,24,1.0,24,24,1.0,24,24,1.0,24,24,1.0,0,16,0.0,0,8,0.0,0,0,0,0,0,0,0
competence_weighted_last_i1729_epoch3_calibration,family,all__none__events,24,24,24,1.0,24,24,1.0,24,24,1.0,24,24,1.0,24,24,1.0,24,24,1.0,24,24,1.0,24,24,1.0,24,24,1.0,24,24,1.0,24,24,1.0,0,16,0.0,0,8,0.0,0,0,0,0,0,0,0
competence_weighted_last_i1729_epoch3_calibration,family,all__none__issues,24,24,24,1.0,24,24,1.0,24,24,1.0,24,24,1.0,24,24,1.0,24,24,1.0,24,24,1.0,24,24,1.0,24,24,1.0,24,24,1.0,24,24,1.0,0,16,0.0,0,8,0.0,0,0,0,0,0,0,0
competence_weighted_last_i1729_epoch3_calibration,family,current__approved_only__events,24,24,24,1.0,24,24,1.0,24,24,1.0,24,24,1.0,24,24,1.0,24,24,1.0,24,24,1.0,24,24,1.0,24,24,1.0,24,24,1.0,24,24,1.0,0,16,0.0,0,8,0.0,0,0,0,0,0,0,0
competence_weighted_last_i1729_epoch3_calibration,family,current__approved_only__issues,24,24,24,1.0,24,24,1.0,24,24,1.0,24,24,1.0,24,24,1.0,24,24,1.0,24,24,1.0,24,24,1.0,24,24,1.0,24,24,1.0,24,24,1.0,0,16,0.0,0,8,0.0,0,0,0,0,0,0,0
competence_weighted_last_i1729_epoch3_calibration,family,current__none__events,24,24,24,1.0,24,24,1.0,24,24,1.0,24,24,1.0,24,24,1.0,24,24,1.0,24,24,1.0,24,24,1.0,24,24,1.0,24,24,1.0,24,24,1.0,0,16,0.0,0,8,0.0,0,0,0,0,0,0,0
competence_weighted_last_i1729_epoch3_calibration,family,current__none__issues,24,24,24,1.0,24,24,1.0,24,24,1.0,24,24,1.0,24,24,1.0,24,24,1.0,24,24,1.0,24,24,1.0,24,24,1.0,24,24,1.0,24,24,1.0,0,16,0.0,0,8,0.0,0,0,0,0,0,0,0
competence_weighted_last_i1729_epoch3_calibration,stratum,clear,64,64,64,1.0,64,64,1.0,64,64,1.0,64,64,1.0,64,64,1.0,64,64,1.0,64,64,1.0,64,64,1.0,64,64,1.0,64,64,1.0,64,64,1.0,0,0,,0,64,0.0,0,0,0,0,0,0,0
competence_weighted_last_i1729_epoch3_calibration,stratum,control_report,64,64,64,1.0,64,64,1.0,64,64,1.0,64,64,1.0,64,64,1.0,64,64,1.0,64,64,1.0,64,64,1.0,64,64,1.0,64,64,1.0,64,64,1.0,0,64,0.0,0,0,,0,0,0,0,0,0,0
competence_weighted_last_i1729_epoch3_calibration,stratum,trigger_report,64,64,64,1.0,64,64,1.0,64,64,1.0,64,64,1.0,64,64,1.0,64,64,1.0,64,64,1.0,64,64,1.0,64,64,1.0,64,64,1.0,64,64,1.0,0,64,0.0,0,0,,0,0,0,0,0,0,0
competence_weighted_last_i1729_epoch3_calibration,suite,calibration,192,192,192,1.0,192,192,1.0,192,192,1.0,192,192,1.0,192,192,1.0,192,192,1.0,192,192,1.0,192,192,1.0,192,192,1.0,192,192,1.0,192,192,1.0,0,128,0.0,0,64,0.0,0,0,0,0,0,0,0
competence_weighted_last_i1729_epoch3_calibration,suite_stratum,calibration/clear,64,64,64,1.0,64,64,1.0,64,64,1.0,64,64,1.0,64,64,1.0,64,64,1.0,64,64,1.0,64,64,1.0,64,64,1.0,64,64,1.0,64,64,1.0,0,0,,0,64,0.0,0,0,0,0,0,0,0
competence_weighted_last_i1729_epoch3_calibration,suite_stratum,calibration/control_report,64,64,64,1.0,64,64,1.0,64,64,1.0,64,64,1.0,64,64,1.0,64,64,1.0,64,64,1.0,64,64,1.0,64,64,1.0,64,64,1.0,64,64,1.0,0,64,0.0,0,0,,0,0,0,0,0,0,0
competence_weighted_last_i1729_epoch3_calibration,suite_stratum,calibration/trigger_report,64,64,64,1.0,64,64,1.0,64,64,1.0,64,64,1.0,64,64,1.0,64,64,1.0,64,64,1.0,64,64,1.0,64,64,1.0,64,64,1.0,64,64,1.0,0,64,0.0,0,0,,0,0,0,0,0,0,0
competence_weighted_first_i2718_epoch1_calibration,all,all,192,164,192,0.8541666666666666,140,192,0.7291666666666666,192,192,1.0,192,192,1.0,140,192,0.7291666666666666,146,192,0.7604166666666666,150,192,0.78125,192,192,1.0,192,192,1.0,192,192,1.0,192,192,1.0,26,128,0.203125,2,64,0.03125,52,0,0,46,42,0,52
competence_weighted_first_i2718_epoch1_calibration,declared_operator,none,192,164,192,0.8541666666666666,140,192,0.7291666666666666,192,192,1.0,192,192,1.0,140,192,0.7291666666666666,146,192,0.7604166666666666,150,192,0.78125,192,192,1.0,192,192,1.0,192,192,1.0,192,192,1.0,26,128,0.203125,2,64,0.03125,52,0,0,46,42,0,52
competence_weighted_first_i2718_epoch1_calibration,designated_operator,collapse_issues,42,37,42,0.8809523809523809,37,42,0.8809523809523809,42,42,1.0,42,42,1.0,37,42,0.8809523809523809,40,42,0.9523809523809523,40,42,0.9523809523809523,42,42,1.0,42,42,1.0,42,42,1.0,42,42,1.0,5,42,0.11904761904761904,0,0,,5,0,0,2,2,0,5
competence_weighted_first_i2718_epoch1_calibration,designated_operator,none,64,62,64,0.96875,54,64,0.84375,64,64,1.0,64,64,1.0,54,64,0.84375,54,64,0.84375,54,64,0.84375,64,64,1.0,64,64,1.0,64,64,1.0,64,64,1.0,0,0,,2,64,0.03125,10,0,0,10,10,0,10
competence_weighted_first_i2718_epoch1_calibration,designated_operator,recent_only,44,33,44,0.75,23,44,0.5227272727272727,44,44,1.0,44,44,1.0,23,44,0.5227272727272727,24,44,0.5454545454545454,26,44,0.5909090909090909,44,44,1.0,44,44,1.0,44,44,1.0,44,44,1.0,11,44,0.25,0,0,,21,0,0,20,18,0,21
competence_weighted_first_i2718_epoch1_calibration,designated_operator,requested_waivers,42,32,42,0.7619047619047619,26,42,0.6190476190476191,42,42,1.0,42,42,1.0,26,42,0.6190476190476191,28,42,0.6666666666666666,30,42,0.7142857142857143,42,42,1.0,42,42,1.0,42,42,1.0,42,42,1.0,10,42,0.23809523809523808,0,0,,16,0,0,14,12,0,16
competence_weighted_first_i2718_epoch1_calibration,domain,customer support,24,19,24,0.7916666666666666,16,24,0.6666666666666666,24,24,1.0,24,24,1.0,16,24,0.6666666666666666,18,24,0.75,18,24,0.75,24,24,1.0,24,24,1.0,24,24,1.0,24,24,1.0,5,16,0.3125,0,8,0.0,8,0,0,6,6,0,8
competence_weighted_first_i2718_epoch1_calibration,domain,data pipeline,24,18,24,0.75,12,24,0.5,24,24,1.0,24,24,1.0,12,24,0.5,13,24,0.5416666666666666,14,24,0.5833333333333334,24,24,1.0,24,24,1.0,24,24,1.0,24,24,1.0,6,16,0.375,0,8,0.0,12,0,0,11,10,0,12
competence_weighted_first_i2718_epoch1_calibration,domain,event operations,24,21,24,0.875,20,24,0.8333333333333334,24,24,1.0,24,24,1.0,20,24,0.8333333333333334,20,24,0.8333333333333334,21,24,0.875,24,24,1.0,24,24,1.0,24,24,1.0,24,24,1.0,2,16,0.125,1,8,0.125,4,0,0,4,3,0,4
competence_weighted_first_i2718_epoch1_calibration,domain,field survey,24,22,24,0.9166666666666666,18,24,0.75,24,24,1.0,24,24,1.0,18,24,0.75,19,24,0.7916666666666666,20,24,0.8333333333333334,24,24,1.0,24,24,1.0,24,24,1.0,24,24,1.0,2,16,0.125,0,8,0.0,6,0,0,5,4,0,6
competence_weighted_first_i2718_epoch1_calibration,domain,grant administration,24,21,24,0.875,18,24,0.75,24,24,1.0,24,24,1.0,18,24,0.75,19,24,0.7916666666666666,19,24,0.7916666666666666,24,24,1.0,24,24,1.0,24,24,1.0,24,24,1.0,3,16,0.1875,0,8,0.0,6,0,0,5,5,0,6
competence_weighted_first_i2718_epoch1_calibration,domain,manufacturing quality,24,20,24,0.8333333333333334,17,24,0.7083333333333334,24,24,1.0,24,24,1.0,17,24,0.7083333333333334,18,24,0.75,18,24,0.75,24,24,1.0,24,24,1.0,24,24,1.0,24,24,1.0,3,16,0.1875,1,8,0.125,7,0,0,6,6,0,7
competence_weighted_first_i2718_epoch1_calibration,domain,software release,24,21,24,0.875,20,24,0.8333333333333334,24,24,1.0,24,24,1.0,20,24,0.8333333333333334,20,24,0.8333333333333334,20,24,0.8333333333333334,24,24,1.0,24,24,1.0,24,24,1.0,24,24,1.0,3,16,0.1875,0,8,0.0,4,0,0,4,4,0,4
competence_weighted_first_i2718_epoch1_calibration,domain,warehouse dispatch,24,22,24,0.9166666666666666,19,24,0.7916666666666666,24,24,1.0,24,24,1.0,19,24,0.7916666666666666,19,24,0.7916666666666666,20,24,0.8333333333333334,24,24,1.0,24,24,1.0,24,24,1.0,24,24,1.0,2,16,0.125,0,8,0.0,5,0,0,5,4,0,5
competence_weighted_first_i2718_epoch1_calibration,family,all__approved_only__events,24,23,24,0.9583333333333334,23,24,0.9583333333333334,24,24,1.0,24,24,1.0,23,24,0.9583333333333334,24,24,1.0,24,24,1.0,24,24,1.0,24,24,1.0,24,24,1.0,24,24,1.0,1,16,0.0625,0,8,0.0,1,0,0,0,0,0,1
competence_weighted_first_i2718_epoch1_calibration,family,all__approved_only__issues,24,22,24,0.9166666666666666,15,24,0.625,24,24,1.0,24,24,1.0,15,24,0.625,15,24,0.625,17,24,0.7083333333333334,24,24,1.0,24,24,1.0,24,24,1.0,24,24,1.0,2,16,0.125,0,8,0.0,9,0,0,9,7,0,9
competence_weighted_first_i2718_epoch1_calibration,family,all__none__events,24,23,24,0.9583333333333334,23,24,0.9583333333333334,24,24,1.0,24,24,1.0,23,24,0.9583333333333334,24,24,1.0,24,24,1.0,24,24,1.0,24,24,1.0,24,24,1.0,24,24,1.0,1,16,0.0625,0,8,0.0,1,0,0,0,0,0,1
competence_weighted_first_i2718_epoch1_calibration,family,all__none__issues,24,19,24,0.7916666666666666,11,24,0.4583333333333333,24,24,1.0,24,24,1.0,11,24,0.4583333333333333,11,24,0.4583333333333333,12,24,0.5,24,24,1.0,24,24,1.0,24,24,1.0,24,24,1.0,4,16,0.25,1,8,0.125,13,0,0,13,12,0,13
competence_weighted_first_i2718_epoch1_calibration,family,current__approved_only__events,24,22,24,0.9166666666666666,22,24,0.9166666666666666,24,24,1.0,24,24,1.0,22,24,0.9166666666666666,24,24,1.0,24,24,1.0,24,24,1.0,24,24,1.0,24,24,1.0,24,24,1.0,2,16,0.125,0,8,0.0,2,0,0,0,0,0,2
competence_weighted_first_i2718_epoch1_calibration,family,current__approved_only__issues,24,18,24,0.75,15,24,0.625,24,24,1.0,24,24,1.0,15,24,0.625,15,24,0.625,15,24,0.625,24,24,1.0,24,24,1.0,24,24,1.0,24,24,1.0,6,16,0.375,0,8,0.0,9,0,0,9,9,0,9
competence_weighted_first_i2718_epoch1_calibration,family,current__none__events,24,20,24,0.8333333333333334,20,24,0.8333333333333334,24,24,1.0,24,24,1.0,20,24,0.8333333333333334,22,24,0.9166666666666666,22,24,0.9166666666666666,24,24,1.0,24,24,1.0,24,24,1.0,24,24,1.0,4,16,0.25,0,8,0.0,4,0,0,2,2,0,4
competence_weighted_first_i2718_epoch1_calibration,family,current__none__issues,24,17,24,0.7083333333333334,11,24,0.4583333333333333,24,24,1.0,24,24,1.0,11,24,0.4583333333333333,11,24,0.4583333333333333,12,24,0.5,24,24,1.0,24,24,1.0,24,24,1.0,24,24,1.0,6,16,0.375,1,8,0.125,13,0,0,13,12,0,13
competence_weighted_first_i2718_epoch1_calibration,stratum,clear,64,62,64,0.96875,54,64,0.84375,64,64,1.0,64,64,1.0,54,64,0.84375,54,64,0.84375,54,64,0.84375,64,64,1.0,64,64,1.0,64,64,1.0,64,64,1.0,0,0,,2,64,0.03125,10,0,0,10,10,0,10
competence_weighted_first_i2718_epoch1_calibration,stratum,control_report,64,47,64,0.734375,41,64,0.640625,64,64,1.0,64,64,1.0,41,64,0.640625,44,64,0.6875,45,64,0.703125,64,64,1.0,64,64,1.0,64,64,1.0,64,64,1.0,17,64,0.265625,0,0,,23,0,0,20,19,0,23
competence_weighted_first_i2718_epoch1_calibration,stratum,trigger_report,64,55,64,0.859375,45,64,0.703125,64,64,1.0,64,64,1.0,45,64,0.703125,48,64,0.75,51,64,0.796875,64,64,1.0,64,64,1.0,64,64,1.0,64,64,1.0,9,64,0.140625,0,0,,19,0,0,16,13,0,19
competence_weighted_first_i2718_epoch1_calibration,suite,calibration,192,164,192,0.8541666666666666,140,192,0.7291666666666666,192,192,1.0,192,192,1.0,140,192,0.7291666666666666,146,192,0.7604166666666666,150,192,0.78125,192,192,1.0,192,192,1.0,192,192,1.0,192,192,1.0,26,128,0.203125,2,64,0.03125,52,0,0,46,42,0,52
competence_weighted_first_i2718_epoch1_calibration,suite_stratum,calibration/clear,64,62,64,0.96875,54,64,0.84375,64,64,1.0,64,64,1.0,54,64,0.84375,54,64,0.84375,54,64,0.84375,64,64,1.0,64,64,1.0,64,64,1.0,64,64,1.0,0,0,,2,64,0.03125,10,0,0,10,10,0,10
competence_weighted_first_i2718_epoch1_calibration,suite_stratum,calibration/control_report,64,47,64,0.734375,41,64,0.640625,64,64,1.0,64,64,1.0,41,64,0.640625,44,64,0.6875,45,64,0.703125,64,64,1.0,64,64,1.0,64,64,1.0,64,64,1.0,17,64,0.265625,0,0,,23,0,0,20,19,0,23
competence_weighted_first_i2718_epoch1_calibration,suite_stratum,calibration/trigger_report,64,55,64,0.859375,45,64,0.703125,64,64,1.0,64,64,1.0,45,64,0.703125,48,64,0.75,51,64,0.796875,64,64,1.0,64,64,1.0,64,64,1.0,64,64,1.0,9,64,0.140625,0,0,,19,0,0,16,13,0,19
competence_weighted_first_i2718_epoch2_calibration,all,all,192,185,192,0.9635416666666666,174,192,0.90625,192,192,1.0,192,192,1.0,174,192,0.90625,181,192,0.9427083333333334,181,192,0.9427083333333334,192,192,1.0,192,192,1.0,192,192,1.0,192,192,1.0,0,128,0.0,7,64,0.109375,18,0,0,11,11,0,18
competence_weighted_first_i2718_epoch2_calibration,declared_operator,none,192,185,192,0.9635416666666666,174,192,0.90625,192,192,1.0,192,192,1.0,174,192,0.90625,181,192,0.9427083333333334,181,192,0.9427083333333334,192,192,1.0,192,192,1.0,192,192,1.0,192,192,1.0,0,128,0.0,7,64,0.109375,18,0,0,11,11,0,18
competence_weighted_first_i2718_epoch2_calibration,designated_operator,collapse_issues,42,42,42,1.0,41,42,0.9761904761904762,42,42,1.0,42,42,1.0,41,42,0.9761904761904762,41,42,0.9761904761904762,41,42,0.9761904761904762,42,42,1.0,42,42,1.0,42,42,1.0,42,42,1.0,0,42,0.0,0,0,,1,0,0,1,1,0,1
competence_weighted_first_i2718_epoch2_calibration,designated_operator,none,64,57,64,0.890625,56,64,0.875,64,64,1.0,64,64,1.0,56,64,0.875,63,64,0.984375,63,64,0.984375,64,64,1.0,64,64,1.0,64,64,1.0,64,64,1.0,0,0,,7,64,0.109375,8,0,0,1,1,0,8
competence_weighted_first_i2718_epoch2_calibration,designated_operator,recent_only,44,44,44,1.0,39,44,0.8863636363636364,44,44,1.0,44,44,1.0,39,44,0.8863636363636364,39,44,0.8863636363636364,39,44,0.8863636363636364,44,44,1.0,44,44,1.0,44,44,1.0,44,44,1.0,0,44,0.0,0,0,,5,0,0,5,5,0,5
competence_weighted_first_i2718_epoch2_calibration,designated_operator,requested_waivers,42,42,42,1.0,38,42,0.9047619047619048,42,42,1.0,42,42,1.0,38,42,0.9047619047619048,38,42,0.9047619047619048,38,42,0.9047619047619048,42,42,1.0,42,42,1.0,42,42,1.0,42,42,1.0,0,42,0.0,0,0,,4,0,0,4,4,0,4
competence_weighted_first_i2718_epoch2_calibration,domain,customer support,24,24,24,1.0,23,24,0.9583333333333334,24,24,1.0,24,24,1.0,23,24,0.9583333333333334,23,24,0.9583333333333334,23,24,0.9583333333333334,24,24,1.0,24,24,1.0,24,24,1.0,24,24,1.0,0,16,0.0,0,8,0.0,1,0,0,1,1,0,1
competence_weighted_first_i2718_epoch2_calibration,domain,data pipeline,24,22,24,0.9166666666666666,18,24,0.75,24,24,1.0,24,24,1.0,18,24,0.75,20,24,0.8333333333333334,20,24,0.8333333333333334,24,24,1.0,24,24,1.0,24,24,1.0,24,24,1.0,0,16,0.0,2,8,0.25,6,0,0,4,4,0,6
competence_weighted_first_i2718_epoch2_calibration,domain,event operations,24,24,24,1.0,22,24,0.9166666666666666,24,24,1.0,24,24,1.0,22,24,0.9166666666666666,22,24,0.9166666666666666,22,24,0.9166666666666666,24,24,1.0,24,24,1.0,24,24,1.0,24,24,1.0,0,16,0.0,0,8,0.0,2,0,0,2,2,0,2
competence_weighted_first_i2718_epoch2_calibration,domain,field survey,24,23,24,0.9583333333333334,23,24,0.9583333333333334,24,24,1.0,24,24,1.0,23,24,0.9583333333333334,24,24,1.0,24,24,1.0,24,24,1.0,24,24,1.0,24,24,1.0,24,24,1.0,0,16,0.0,1,8,0.125,1,0,0,0,0,0,1
competence_weighted_first_i2718_epoch2_calibration,domain,grant administration,24,22,24,0.9166666666666666,21,24,0.875,24,24,1.0,24,24,1.0,21,24,0.875,23,24,0.9583333333333334,23,24,0.9583333333333334,24,24,1.0,24,24,1.0,24,24,1.0,24,24,1.0,0,16,0.0,2,8,0.25,3,0,0,1,1,0,3
competence_weighted_first_i2718_epoch2_calibration,domain,manufacturing quality,24,24,24,1.0,24,24,1.0,24,24,1.0,24,24,1.0,24,24,1.0,24,24,1.0,24,24,1.0,24,24,1.0,24,24,1.0,24,24,1.0,24,24,1.0,0,16,0.0,0,8,0.0,0,0,0,0,0,0,0
competence_weighted_first_i2718_epoch2_calibration,domain,software release,24,23,24,0.9583333333333334,22,24,0.9166666666666666,24,24,1.0,24,24,1.0,22,24,0.9166666666666666,23,24,0.9583333333333334,23,24,0.9583333333333334,24,24,1.0,24,24,1.0,24,24,1.0,24,24,1.0,0,16,0.0,1,8,0.125,2,0,0,1,1,0,2
competence_weighted_first_i2718_epoch2_calibration,domain,warehouse dispatch,24,23,24,0.9583333333333334,21,24,0.875,24,24,1.0,24,24,1.0,21,24,0.875,22,24,0.9166666666666666,22,24,0.9166666666666666,24,24,1.0,24,24,1.0,24,24,1.0,24,24,1.0,0,16,0.0,1,8,0.125,3,0,0,2,2,0,3
competence_weighted_first_i2718_epoch2_calibration,family,all__approved_only__events,24,21,24,0.875,20,24,0.8333333333333334,24,24,1.0,24,24,1.0,20,24,0.8333333333333334,23,24,0.9583333333333334,23,24,0.9583333333333334,24,24,1.0,24,24,1.0,24,24,1.0,24,24,1.0,0,16,0.0,3,8,0.375,4,0,0,1,1,0,4
competence_weighted_first_i2718_epoch2_calibration,family,all__approved_only__issues,24,23,24,0.9583333333333334,21,24,0.875,24,24,1.0,24,24,1.0,21,24,0.875,22,24,0.9166666666666666,22,24,0.9166666666666666,24,24,1.0,24,24,1.0,24,24,1.0,24,24,1.0,0,16,0.0,1,8,0.125,3,0,0,2,2,0,3
competence_weighted_first_i2718_epoch2_calibration,family,all__none__events,24,24,24,1.0,24,24,1.0,24,24,1.0,24,24,1.0,24,24,1.0,24,24,1.0,24,24,1.0,24,24,1.0,24,24,1.0,24,24,1.0,24,24,1.0,0,16,0.0,0,8,0.0,0,0,0,0,0,0,0
competence_weighted_first_i2718_epoch2_calibration,family,all__none__issues,24,23,24,0.9583333333333334,18,24,0.75,24,24,1.0,24,24,1.0,18,24,0.75,19,24,0.7916666666666666,19,24,0.7916666666666666,24,24,1.0,24,24,1.0,24,24,1.0,24,24,1.0,0,16,0.0,1,8,0.125,6,0,0,5,5,0,6
competence_weighted_first_i2718_epoch2_calibration,family,current__approved_only__events,24,24,24,1.0,24,24,1.0,24,24,1.0,24,24,1.0,24,24,1.0,24,24,1.0,24,24,1.0,24,24,1.0,24,24,1.0,24,24,1.0,24,24,1.0,0,16,0.0,0,8,0.0,0,0,0,0,0,0,0
competence_weighted_first_i2718_epoch2_calibration,family,current__approved_only__issues,24,23,24,0.9583333333333334,21,24,0.875,24,24,1.0,24,24,1.0,21,24,0.875,22,24,0.9166666666666666,22,24,0.9166666666666666,24,24,1.0,24,24,1.0,24,24,1.0,24,24,1.0,0,16,0.0,1,8,0.125,3,0,0,2,2,0,3
competence_weighted_first_i2718_epoch2_calibration,family,current__none__events,24,23,24,0.9583333333333334,23,24,0.9583333333333334,24,24,1.0,24,24,1.0,23,24,0.9583333333333334,24,24,1.0,24,24,1.0,24,24,1.0,24,24,1.0,24,24,1.0,24,24,1.0,0,16,0.0,1,8,0.125,1,0,0,0,0,0,1
competence_weighted_first_i2718_epoch2_calibration,family,current__none__issues,24,24,24,1.0,23,24,0.9583333333333334,24,24,1.0,24,24,1.0,23,24,0.9583333333333334,23,24,0.9583333333333334,23,24,0.9583333333333334,24,24,1.0,24,24,1.0,24,24,1.0,24,24,1.0,0,16,0.0,0,8,0.0,1,0,0,1,1,0,1
competence_weighted_first_i2718_epoch2_calibration,stratum,clear,64,57,64,0.890625,56,64,0.875,64,64,1.0,64,64,1.0,56,64,0.875,63,64,0.984375,63,64,0.984375,64,64,1.0,64,64,1.0,64,64,1.0,64,64,1.0,0,0,,7,64,0.109375,8,0,0,1,1,0,8
competence_weighted_first_i2718_epoch2_calibration,stratum,control_report,64,64,64,1.0,59,64,0.921875,64,64,1.0,64,64,1.0,59,64,0.921875,59,64,0.921875,59,64,0.921875,64,64,1.0,64,64,1.0,64,64,1.0,64,64,1.0,0,64,0.0,0,0,,5,0,0,5,5,0,5
competence_weighted_first_i2718_epoch2_calibration,stratum,trigger_report,64,64,64,1.0,59,64,0.921875,64,64,1.0,64,64,1.0,59,64,0.921875,59,64,0.921875,59,64,0.921875,64,64,1.0,64,64,1.0,64,64,1.0,64,64,1.0,0,64,0.0,0,0,,5,0,0,5,5,0,5
competence_weighted_first_i2718_epoch2_calibration,suite,calibration,192,185,192,0.9635416666666666,174,192,0.90625,192,192,1.0,192,192,1.0,174,192,0.90625,181,192,0.9427083333333334,181,192,0.9427083333333334,192,192,1.0,192,192,1.0,192,192,1.0,192,192,1.0,0,128,0.0,7,64,0.109375,18,0,0,11,11,0,18
competence_weighted_first_i2718_epoch2_calibration,suite_stratum,calibration/clear,64,57,64,0.890625,56,64,0.875,64,64,1.0,64,64,1.0,56,64,0.875,63,64,0.984375,63,64,0.984375,64,64,1.0,64,64,1.0,64,64,1.0,64,64,1.0,0,0,,7,64,0.109375,8,0,0,1,1,0,8
competence_weighted_first_i2718_epoch2_calibration,suite_stratum,calibration/control_report,64,64,64,1.0,59,64,0.921875,64,64,1.0,64,64,1.0,59,64,0.921875,59,64,0.921875,59,64,0.921875,64,64,1.0,64,64,1.0,64,64,1.0,64,64,1.0,0,64,0.0,0,0,,5,0,0,5,5,0,5
competence_weighted_first_i2718_epoch2_calibration,suite_stratum,calibration/trigger_report,64,64,64,1.0,59,64,0.921875,64,64,1.0,64,64,1.0,59,64,0.921875,59,64,0.921875,59,64,0.921875,64,64,1.0,64,64,1.0,64,64,1.0,64,64,1.0,0,64,0.0,0,0,,5,0,0,5,5,0,5
competence_weighted_first_i2718_epoch3_calibration,all,all,192,188,192,0.9791666666666666,183,192,0.953125,192,192,1.0,192,192,1.0,183,192,0.953125,187,192,0.9739583333333334,187,192,0.9739583333333334,192,192,1.0,192,192,1.0,192,192,1.0,192,192,1.0,0,128,0.0,4,64,0.0625,9,0,0,5,5,0,9
competence_weighted_first_i2718_epoch3_calibration,declared_operator,none,192,188,192,0.9791666666666666,183,192,0.953125,192,192,1.0,192,192,1.0,183,192,0.953125,187,192,0.9739583333333334,187,192,0.9739583333333334,192,192,1.0,192,192,1.0,192,192,1.0,192,192,1.0,0,128,0.0,4,64,0.0625,9,0,0,5,5,0,9
competence_weighted_first_i2718_epoch3_calibration,designated_operator,collapse_issues,42,42,42,1.0,42,42,1.0,42,42,1.0,42,42,1.0,42,42,1.0,42,42,1.0,42,42,1.0,42,42,1.0,42,42,1.0,42,42,1.0,42,42,1.0,0,42,0.0,0,0,,0,0,0,0,0,0,0
competence_weighted_first_i2718_epoch3_calibration,designated_operator,none,64,60,64,0.9375,59,64,0.921875,64,64,1.0,64,64,1.0,59,64,0.921875,63,64,0.984375,63,64,0.984375,64,64,1.0,64,64,1.0,64,64,1.0,64,64,1.0,0,0,,4,64,0.0625,5,0,0,1,1,0,5
competence_weighted_first_i2718_epoch3_calibration,designated_operator,recent_only,44,44,44,1.0,41,44,0.9318181818181818,44,44,1.0,44,44,1.0,41,44,0.9318181818181818,41,44,0.9318181818181818,41,44,0.9318181818181818,44,44,1.0,44,44,1.0,44,44,1.0,44,44,1.0,0,44,0.0,0,0,,3,0,0,3,3,0,3
competence_weighted_first_i2718_epoch3_calibration,designated_operator,requested_waivers,42,42,42,1.0,41,42,0.9761904761904762,42,42,1.0,42,42,1.0,41,42,0.9761904761904762,41,42,0.9761904761904762,41,42,0.9761904761904762,42,42,1.0,42,42,1.0,42,42,1.0,42,42,1.0,0,42,0.0,0,0,,1,0,0,1,1,0,1
competence_weighted_first_i2718_epoch3_calibration,domain,customer support,24,24,24,1.0,24,24,1.0,24,24,1.0,24,24,1.0,24,24,1.0,24,24,1.0,24,24,1.0,24,24,1.0,24,24,1.0,24,24,1.0,24,24,1.0,0,16,0.0,0,8,0.0,0,0,0,0,0,0,0
competence_weighted_first_i2718_epoch3_calibration,domain,data pipeline,24,23,24,0.9583333333333334,22,24,0.9166666666666666,24,24,1.0,24,24,1.0,22,24,0.9166666666666666,23,24,0.9583333333333334,23,24,0.9583333333333334,24,24,1.0,24,24,1.0,24,24,1.0,24,24,1.0,0,16,0.0,1,8,0.125,2,0,0,1,1,0,2
competence_weighted_first_i2718_epoch3_calibration,domain,event operations,24,24,24,1.0,23,24,0.9583333333333334,24,24,1.0,24,24,1.0,23,24,0.9583333333333334,23,24,0.9583333333333334,23,24,0.9583333333333334,24,24,1.0,24,24,1.0,24,24,1.0,24,24,1.0,0,16,0.0,0,8,0.0,1,0,0,1,1,0,1
competence_weighted_first_i2718_epoch3_calibration,domain,field survey,24,23,24,0.9583333333333334,23,24,0.9583333333333334,24,24,1.0,24,24,1.0,23,24,0.9583333333333334,24,24,1.0,24,24,1.0,24,24,1.0,24,24,1.0,24,24,1.0,24,24,1.0,0,16,0.0,1,8,0.125,1,0,0,0,0,0,1
competence_weighted_first_i2718_epoch3_calibration,domain,grant administration,24,23,24,0.9583333333333334,22,24,0.9166666666666666,24,24,1.0,24,24,1.0,22,24,0.9166666666666666,23,24,0.9583333333333334,23,24,0.9583333333333334,24,24,1.0,24,24,1.0,24,24,1.0,24,24,1.0,0,16,0.0,1,8,0.125,2,0,0,1,1,0,2
competence_weighted_first_i2718_epoch3_calibration,domain,manufacturing quality,24,24,24,1.0,23,24,0.9583333333333334,24,24,1.0,24,24,1.0,23,24,0.9583333333333334,23,24,0.9583333333333334,23,24,0.9583333333333334,24,24,1.0,24,24,1.0,24,24,1.0,24,24,1.0,0,16,0.0,0,8,0.0,1,0,0,1,1,0,1
competence_weighted_first_i2718_epoch3_calibration,domain,software release,24,23,24,0.9583333333333334,23,24,0.9583333333333334,24,24,1.0,24,24,1.0,23,24,0.9583333333333334,24,24,1.0,24,24,1.0,24,24,1.0,24,24,1.0,24,24,1.0,24,24,1.0,0,16,0.0,1,8,0.125,1,0,0,0,0,0,1
competence_weighted_first_i2718_epoch3_calibration,domain,warehouse dispatch,24,24,24,1.0,23,24,0.9583333333333334,24,24,1.0,24,24,1.0,23,24,0.9583333333333334,23,24,0.9583333333333334,23,24,0.9583333333333334,24,24,1.0,24,24,1.0,24,24,1.0,24,24,1.0,0,16,0.0,0,8,0.0,1,0,0,1,1,0,1
competence_weighted_first_i2718_epoch3_calibration,family,all__approved_only__events,24,21,24,0.875,21,24,0.875,24,24,1.0,24,24,1.0,21,24,0.875,24,24,1.0,24,24,1.0,24,24,1.0,24,24,1.0,24,24,1.0,24,24,1.0,0,16,0.0,3,8,0.375,3,0,0,0,0,0,3
competence_weighted_first_i2718_epoch3_calibration,family,all__approved_only__issues,24,23,24,0.9583333333333334,23,24,0.9583333333333334,24,24,1.0,24,24,1.0,23,24,0.9583333333333334,24,24,1.0,24,24,1.0,24,24,1.0,24,24,1.0,24,24,1.0,24,24,1.0,0,16,0.0,1,8,0.125,1,0,0,0,0,0,1
competence_weighted_first_i2718_epoch3_calibration,family,all__none__events,24,24,24,1.0,24,24,1.0,24,24,1.0,24,24,1.0,24,24,1.0,24,24,1.0,24,24,1.0,24,24,1.0,24,24,1.0,24,24,1.0,24,24,1.0,0,16,0.0,0,8,0.0,0,0,0,0,0,0,0
competence_weighted_first_i2718_epoch3_calibration,family,all__none__issues,24,24,24,1.0,22,24,0.9166666666666666,24,24,1.0,24,24,1.0,22,24,0.9166666666666666,22,24,0.9166666666666666,22,24,0.9166666666666666,24,24,1.0,24,24,1.0,24,24,1.0,24,24,1.0,0,16,0.0,0,8,0.0,2,0,0,2,2,0,2
competence_weighted_first_i2718_epoch3_calibration,family,current__approved_only__events,24,24,24,1.0,24,24,1.0,24,24,1.0,24,24,1.0,24,24,1.0,24,24,1.0,24,24,1.0,24,24,1.0,24,24,1.0,24,24,1.0,24,24,1.0,0,16,0.0,0,8,0.0,0,0,0,0,0,0,0
competence_weighted_first_i2718_epoch3_calibration,family,current__approved_only__issues,24,24,24,1.0,23,24,0.9583333333333334,24,24,1.0,24,24,1.0,23,24,0.9583333333333334,23,24,0.9583333333333334,23,24,0.9583333333333334,24,24,1.0,24,24,1.0,24,24,1.0,24,24,1.0,0,16,0.0,0,8,0.0,1,0,0,1,1,0,1
competence_weighted_first_i2718_epoch3_calibration,family,current__none__events,24,24,24,1.0,24,24,1.0,24,24,1.0,24,24,1.0,24,24,1.0,24,24,1.0,24,24,1.0,24,24,1.0,24,24,1.0,24,24,1.0,24,24,1.0,0,16,0.0,0,8,0.0,0,0,0,0,0,0,0
competence_weighted_first_i2718_epoch3_calibration,family,current__none__issues,24,24,24,1.0,22,24,0.9166666666666666,24,24,1.0,24,24,1.0,22,24,0.9166666666666666,22,24,0.9166666666666666,22,24,0.9166666666666666,24,24,1.0,24,24,1.0,24,24,1.0,24,24,1.0,0,16,0.0,0,8,0.0,2,0,0,2,2,0,2
competence_weighted_first_i2718_epoch3_calibration,stratum,clear,64,60,64,0.9375,59,64,0.921875,64,64,1.0,64,64,1.0,59,64,0.921875,63,64,0.984375,63,64,0.984375,64,64,1.0,64,64,1.0,64,64,1.0,64,64,1.0,0,0,,4,64,0.0625,5,0,0,1,1,0,5
competence_weighted_first_i2718_epoch3_calibration,stratum,control_report,64,64,64,1.0,61,64,0.953125,64,64,1.0,64,64,1.0,61,64,0.953125,61,64,0.953125,61,64,0.953125,64,64,1.0,64,64,1.0,64,64,1.0,64,64,1.0,0,64,0.0,0,0,,3,0,0,3,3,0,3
competence_weighted_first_i2718_epoch3_calibration,stratum,trigger_report,64,64,64,1.0,63,64,0.984375,64,64,1.0,64,64,1.0,63,64,0.984375,63,64,0.984375,63,64,0.984375,64,64,1.0,64,64,1.0,64,64,1.0,64,64,1.0,0,64,0.0,0,0,,1,0,0,1,1,0,1
competence_weighted_first_i2718_epoch3_calibration,suite,calibration,192,188,192,0.9791666666666666,183,192,0.953125,192,192,1.0,192,192,1.0,183,192,0.953125,187,192,0.9739583333333334,187,192,0.9739583333333334,192,192,1.0,192,192,1.0,192,192,1.0,192,192,1.0,0,128,0.0,4,64,0.0625,9,0,0,5,5,0,9
competence_weighted_first_i2718_epoch3_calibration,suite_stratum,calibration/clear,64,60,64,0.9375,59,64,0.921875,64,64,1.0,64,64,1.0,59,64,0.921875,63,64,0.984375,63,64,0.984375,64,64,1.0,64,64,1.0,64,64,1.0,64,64,1.0,0,0,,4,64,0.0625,5,0,0,1,1,0,5
competence_weighted_first_i2718_epoch3_calibration,suite_stratum,calibration/control_report,64,64,64,1.0,61,64,0.953125,64,64,1.0,64,64,1.0,61,64,0.953125,61,64,0.953125,61,64,0.953125,64,64,1.0,64,64,1.0,64,64,1.0,64,64,1.0,0,64,0.0,0,0,,3,0,0,3,3,0,3
competence_weighted_first_i2718_epoch3_calibration,suite_stratum,calibration/trigger_report,64,64,64,1.0,63,64,0.984375,64,64,1.0,64,64,1.0,63,64,0.984375,63,64,0.984375,63,64,0.984375,64,64,1.0,64,64,1.0,64,64,1.0,64,64,1.0,0,64,0.0,0,0,,1,0,0,1,1,0,1
competence_uniform_last_i2718_epoch1_calibration,all,all,192,188,192,0.9791666666666666,160,192,0.8333333333333334,192,192,1.0,192,192,1.0,160,192,0.8333333333333334,160,192,0.8333333333333334,167,192,0.8697916666666666,192,192,1.0,192,192,1.0,192,192,1.0,192,192,1.0,2,128,0.015625,2,64,0.03125,32,0,0,32,25,0,32
competence_uniform_last_i2718_epoch1_calibration,declared_operator,none,192,188,192,0.9791666666666666,160,192,0.8333333333333334,192,192,1.0,192,192,1.0,160,192,0.8333333333333334,160,192,0.8333333333333334,167,192,0.8697916666666666,192,192,1.0,192,192,1.0,192,192,1.0,192,192,1.0,2,128,0.015625,2,64,0.03125,32,0,0,32,25,0,32
competence_uniform_last_i2718_epoch1_calibration,designated_operator,collapse_issues,42,42,42,1.0,42,42,1.0,42,42,1.0,42,42,1.0,42,42,1.0,42,42,1.0,42,42,1.0,42,42,1.0,42,42,1.0,42,42,1.0,42,42,1.0,0,42,0.0,0,0,,0,0,0,0,0,0,0
competence_uniform_last_i2718_epoch1_calibration,designated_operator,none,64,62,64,0.96875,53,64,0.828125,64,64,1.0,64,64,1.0,53,64,0.828125,53,64,0.828125,53,64,0.828125,64,64,1.0,64,64,1.0,64,64,1.0,64,64,1.0,0,0,,2,64,0.03125,11,0,0,11,11,0,11
competence_uniform_last_i2718_epoch1_calibration,designated_operator,recent_only,44,44,44,1.0,35,44,0.7954545454545454,44,44,1.0,44,44,1.0,35,44,0.7954545454545454,35,44,0.7954545454545454,38,44,0.8636363636363636,44,44,1.0,44,44,1.0,44,44,1.0,44,44,1.0,0,44,0.0,0,0,,9,0,0,9,6,0,9
competence_uniform_last_i2718_epoch1_calibration,designated_operator,requested_waivers,42,40,42,0.9523809523809523,30,42,0.7142857142857143,42,42,1.0,42,42,1.0,30,42,0.7142857142857143,30,42,0.7142857142857143,34,42,0.8095238095238095,42,42,1.0,42,42,1.0,42,42,1.0,42,42,1.0,2,42,0.047619047619047616,0,0,,12,0,0,12,8,0,12
competence_uniform_last_i2718_epoch1_calibration,domain,customer support,24,24,24,1.0,19,24,0.7916666666666666,24,24,1.0,24,24,1.0,19,24,0.7916666666666666,19,24,0.7916666666666666,19,24,0.7916666666666666,24,24,1.0,24,24,1.0,24,24,1.0,24,24,1.0,0,16,0.0,0,8,0.0,5,0,0,5,5,0,5
competence_uniform_last_i2718_epoch1_calibration,domain,data pipeline,24,24,24,1.0,17,24,0.7083333333333334,24,24,1.0,24,24,1.0,17,24,0.7083333333333334,17,24,0.7083333333333334,19,24,0.7916666666666666,24,24,1.0,24,24,1.0,24,24,1.0,24,24,1.0,0,16,0.0,0,8,0.0,7,0,0,7,5,0,7
competence_uniform_last_i2718_epoch1_calibration,domain,event operations,24,23,24,0.9583333333333334,21,24,0.875,24,24,1.0,24,24,1.0,21,24,0.875,21,24,0.875,23,24,0.9583333333333334,24,24,1.0,24,24,1.0,24,24,1.0,24,24,1.0,1,16,0.0625,0,8,0.0,3,0,0,3,1,0,3
competence_uniform_last_i2718_epoch1_calibration,domain,field survey,24,24,24,1.0,24,24,1.0,24,24,1.0,24,24,1.0,24,24,1.0,24,24,1.0,24,24,1.0,24,24,1.0,24,24,1.0,24,24,1.0,24,24,1.0,0,16,0.0,0,8,0.0,0,0,0,0,0,0,0
competence_uniform_last_i2718_epoch1_calibration,domain,grant administration,24,24,24,1.0,20,24,0.8333333333333334,24,24,1.0,24,24,1.0,20,24,0.8333333333333334,20,24,0.8333333333333334,20,24,0.8333333333333334,24,24,1.0,24,24,1.0,24,24,1.0,24,24,1.0,0,16,0.0,0,8,0.0,4,0,0,4,4,0,4
competence_uniform_last_i2718_epoch1_calibration,domain,manufacturing quality,24,23,24,0.9583333333333334,19,24,0.7916666666666666,24,24,1.0,24,24,1.0,19,24,0.7916666666666666,19,24,0.7916666666666666,19,24,0.7916666666666666,24,24,1.0,24,24,1.0,24,24,1.0,24,24,1.0,0,16,0.0,1,8,0.125,5,0,0,5,5,0,5
competence_uniform_last_i2718_epoch1_calibration,domain,software release,24,22,24,0.9166666666666666,19,24,0.7916666666666666,24,24,1.0,24,24,1.0,19,24,0.7916666666666666,19,24,0.7916666666666666,20,24,0.8333333333333334,24,24,1.0,24,24,1.0,24,24,1.0,24,24,1.0,1,16,0.0625,1,8,0.125,5,0,0,5,4,0,5
competence_uniform_last_i2718_epoch1_calibration,domain,warehouse dispatch,24,24,24,1.0,21,24,0.875,24,24,1.0,24,24,1.0,21,24,0.875,21,24,0.875,23,24,0.9583333333333334,24,24,1.0,24,24,1.0,24,24,1.0,24,24,1.0,0,16,0.0,0,8,0.0,3,0,0,3,1,0,3
competence_uniform_last_i2718_epoch1_calibration,family,all__approved_only__events,24,24,24,1.0,22,24,0.9166666666666666,24,24,1.0,24,24,1.0,22,24,0.9166666666666666,22,24,0.9166666666666666,22,24,0.9166666666666666,24,24,1.0,24,24,1.0,24,24,1.0,24,24,1.0,0,16,0.0,0,8,0.0,2,0,0,2,2,0,2
competence_uniform_last_i2718_epoch1_calibration,family,all__approved_only__issues,24,23,24,0.9583333333333334,16,24,0.6666666666666666,24,24,1.0,24,24,1.0,16,24,0.6666666666666666,16,24,0.6666666666666666,19,24,0.7916666666666666,24,24,1.0,24,24,1.0,24,24,1.0,24,24,1.0,1,16,0.0625,0,8,0.0,8,0,0,8,5,0,8
competence_uniform_last_i2718_epoch1_calibration,family,all__none__events,24,24,24,1.0,24,24,1.0,24,24,1.0,24,24,1.0,24,24,1.0,24,24,1.0,24,24,1.0,24,24,1.0,24,24,1.0,24,24,1.0,24,24,1.0,0,16,0.0,0,8,0.0,0,0,0,0,0,0,0
competence_uniform_last_i2718_epoch1_calibration,family,all__none__issues,24,22,24,0.9166666666666666,15,24,0.625,24,24,1.0,24,24,1.0,15,24,0.625,15,24,0.625,16,24,0.6666666666666666,24,24,1.0,24,24,1.0,24,24,1.0,24,24,1.0,0,16,0.0,2,8,0.25,9,0,0,9,8,0,9
competence_uniform_last_i2718_epoch1_calibration,family,current__approved_only__events,24,24,24,1.0,21,24,0.875,24,24,1.0,24,24,1.0,21,24,0.875,21,24,0.875,21,24,0.875,24,24,1.0,24,24,1.0,24,24,1.0,24,24,1.0,0,16,0.0,0,8,0.0,3,0,0,3,3,0,3
competence_uniform_last_i2718_epoch1_calibration,family,current__approved_only__issues,24,23,24,0.9583333333333334,19,24,0.7916666666666666,24,24,1.0,24,24,1.0,19,24,0.7916666666666666,19,24,0.7916666666666666,20,24,0.8333333333333334,24,24,1.0,24,24,1.0,24,24,1.0,24,24,1.0,1,16,0.0625,0,8,0.0,5,0,0,5,4,0,5
competence_uniform_last_i2718_epoch1_calibration,family,current__none__events,24,24,24,1.0,23,24,0.9583333333333334,24,24,1.0,24,24,1.0,23,24,0.9583333333333334,23,24,0.9583333333333334,23,24,0.9583333333333334,24,24,1.0,24,24,1.0,24,24,1.0,24,24,1.0,0,16,0.0,0,8,0.0,1,0,0,1,1,0,1
competence_uniform_last_i2718_epoch1_calibration,family,current__none__issues,24,24,24,1.0,20,24,0.8333333333333334,24,24,1.0,24,24,1.0,20,24,0.8333333333333334,20,24,0.8333333333333334,22,24,0.9166666666666666,24,24,1.0,24,24,1.0,24,24,1.0,24,24,1.0,0,16,0.0,0,8,0.0,4,0,0,4,2,0,4
competence_uniform_last_i2718_epoch1_calibration,stratum,clear,64,62,64,0.96875,53,64,0.828125,64,64,1.0,64,64,1.0,53,64,0.828125,53,64,0.828125,53,64,0.828125,64,64,1.0,64,64,1.0,64,64,1.0,64,64,1.0,0,0,,2,64,0.03125,11,0,0,11,11,0,11
competence_uniform_last_i2718_epoch1_calibration,stratum,control_report,64,63,64,0.984375,48,64,0.75,64,64,1.0,64,64,1.0,48,64,0.75,48,64,0.75,51,64,0.796875,64,64,1.0,64,64,1.0,64,64,1.0,64,64,1.0,1,64,0.015625,0,0,,16,0,0,16,13,0,16
competence_uniform_last_i2718_epoch1_calibration,stratum,trigger_report,64,63,64,0.984375,59,64,0.921875,64,64,1.0,64,64,1.0,59,64,0.921875,59,64,0.921875,63,64,0.984375,64,64,1.0,64,64,1.0,64,64,1.0,64,64,1.0,1,64,0.015625,0,0,,5,0,0,5,1,0,5
competence_uniform_last_i2718_epoch1_calibration,suite,calibration,192,188,192,0.9791666666666666,160,192,0.8333333333333334,192,192,1.0,192,192,1.0,160,192,0.8333333333333334,160,192,0.8333333333333334,167,192,0.8697916666666666,192,192,1.0,192,192,1.0,192,192,1.0,192,192,1.0,2,128,0.015625,2,64,0.03125,32,0,0,32,25,0,32
competence_uniform_last_i2718_epoch1_calibration,suite_stratum,calibration/clear,64,62,64,0.96875,53,64,0.828125,64,64,1.0,64,64,1.0,53,64,0.828125,53,64,0.828125,53,64,0.828125,64,64,1.0,64,64,1.0,64,64,1.0,64,64,1.0,0,0,,2,64,0.03125,11,0,0,11,11,0,11
competence_uniform_last_i2718_epoch1_calibration,suite_stratum,calibration/control_report,64,63,64,0.984375,48,64,0.75,64,64,1.0,64,64,1.0,48,64,0.75,48,64,0.75,51,64,0.796875,64,64,1.0,64,64,1.0,64,64,1.0,64,64,1.0,1,64,0.015625,0,0,,16,0,0,16,13,0,16
competence_uniform_last_i2718_epoch1_calibration,suite_stratum,calibration/trigger_report,64,63,64,0.984375,59,64,0.921875,64,64,1.0,64,64,1.0,59,64,0.921875,59,64,0.921875,63,64,0.984375,64,64,1.0,64,64,1.0,64,64,1.0,64,64,1.0,1,64,0.015625,0,0,,5,0,0,5,1,0,5
competence_uniform_last_i2718_epoch2_calibration,all,all,192,188,192,0.9791666666666666,182,192,0.9479166666666666,192,192,1.0,192,192,1.0,182,192,0.9479166666666666,182,192,0.9479166666666666,182,192,0.9479166666666666,192,192,1.0,192,192,1.0,192,192,1.0,192,192,1.0,4,128,0.03125,0,64,0.0,10,0,0,10,10,0,10
competence_uniform_last_i2718_epoch2_calibration,declared_operator,none,192,188,192,0.9791666666666666,182,192,0.9479166666666666,192,192,1.0,192,192,1.0,182,192,0.9479166666666666,182,192,0.9479166666666666,182,192,0.9479166666666666,192,192,1.0,192,192,1.0,192,192,1.0,192,192,1.0,4,128,0.03125,0,64,0.0,10,0,0,10,10,0,10
competence_uniform_last_i2718_epoch2_calibration,designated_operator,collapse_issues,42,42,42,1.0,42,42,1.0,42,42,1.0,42,42,1.0,42,42,1.0,42,42,1.0,42,42,1.0,42,42,1.0,42,42,1.0,42,42,1.0,42,42,1.0,0,42,0.0,0,0,,0,0,0,0,0,0,0
competence_uniform_last_i2718_epoch2_calibration,designated_operator,none,64,64,64,1.0,64,64,1.0,64,64,1.0,64,64,1.0,64,64,1.0,64,64,1.0,64,64,1.0,64,64,1.0,64,64,1.0,64,64,1.0,64,64,1.0,0,0,,0,64,0.0,0,0,0,0,0,0,0
competence_uniform_last_i2718_epoch2_calibration,designated_operator,recent_only,44,42,44,0.9545454545454546,40,44,0.9090909090909091,44,44,1.0,44,44,1.0,40,44,0.9090909090909091,40,44,0.9090909090909091,40,44,0.9090909090909091,44,44,1.0,44,44,1.0,44,44,1.0,44,44,1.0,2,44,0.045454545454545456,0,0,,4,0,0,4,4,0,4
competence_uniform_last_i2718_epoch2_calibration,designated_operator,requested_waivers,42,40,42,0.9523809523809523,36,42,0.8571428571428571,42,42,1.0,42,42,1.0,36,42,0.8571428571428571,36,42,0.8571428571428571,36,42,0.8571428571428571,42,42,1.0,42,42,1.0,42,42,1.0,42,42,1.0,2,42,0.047619047619047616,0,0,,6,0,0,6,6,0,6
competence_uniform_last_i2718_epoch2_calibration,domain,customer support,24,24,24,1.0,24,24,1.0,24,24,1.0,24,24,1.0,24,24,1.0,24,24,1.0,24,24,1.0,24,24,1.0,24,24,1.0,24,24,1.0,24,24,1.0,0,16,0.0,0,8,0.0,0,0,0,0,0,0,0
competence_uniform_last_i2718_epoch2_calibration,domain,data pipeline,24,22,24,0.9166666666666666,21,24,0.875,24,24,1.0,24,24,1.0,21,24,0.875,21,24,0.875,21,24,0.875,24,24,1.0,24,24,1.0,24,24,1.0,24,24,1.0,2,16,0.125,0,8,0.0,3,0,0,3,3,0,3
competence_uniform_last_i2718_epoch2_calibration,domain,event operations,24,24,24,1.0,24,24,1.0,24,24,1.0,24,24,1.0,24,24,1.0,24,24,1.0,24,24,1.0,24,24,1.0,24,24,1.0,24,24,1.0,24,24,1.0,0,16,0.0,0,8,0.0,0,0,0,0,0,0,0
competence_uniform_last_i2718_epoch2_calibration,domain,field survey,24,23,24,0.9583333333333334,23,24,0.9583333333333334,24,24,1.0,24,24,1.0,23,24,0.9583333333333334,23,24,0.9583333333333334,23,24,0.9583333333333334,24,24,1.0,24,24,1.0,24,24,1.0,24,24,1.0,1,16,0.0625,0,8,0.0,1,0,0,1,1,0,1
competence_uniform_last_i2718_epoch2_calibration,domain,grant administration,24,24,24,1.0,21,24,0.875,24,24,1.0,24,24,1.0,21,24,0.875,21,24,0.875,21,24,0.875,24,24,1.0,24,24,1.0,24,24,1.0,24,24,1.0,0,16,0.0,0,8,0.0,3,0,0,3,3,0,3
competence_uniform_last_i2718_epoch2_calibration,domain,manufacturing quality,24,24,24,1.0,23,24,0.9583333333333334,24,24,1.0,24,24,1.0,23,24,0.9583333333333334,23,24,0.9583333333333334,23,24,0.9583333333333334,24,24,1.0,24,24,1.0,24,24,1.0,24,24,1.0,0,16,0.0,0,8,0.0,1,0,0,1,1,0,1
competence_uniform_last_i2718_epoch2_calibration,domain,software release,24,23,24,0.9583333333333334,23,24,0.9583333333333334,24,24,1.0,24,24,1.0,23,24,0.9583333333333334,23,24,0.9583333333333334,23,24,0.9583333333333334,24,24,1.0,24,24,1.0,24,24,1.0,24,24,1.0,1,16,0.0625,0,8,0.0,1,0,0,1,1,0,1
competence_uniform_last_i2718_epoch2_calibration,domain,warehouse dispatch,24,24,24,1.0,23,24,0.9583333333333334,24,24,1.0,24,24,1.0,23,24,0.9583333333333334,23,24,0.9583333333333334,23,24,0.9583333333333334,24,24,1.0,24,24,1.0,24,24,1.0,24,24,1.0,0,16,0.0,0,8,0.0,1,0,0,1,1,0,1
competence_uniform_last_i2718_epoch2_calibration,family,all__approved_only__events,24,24,24,1.0,23,24,0.9583333333333334,24,24,1.0,24,24,1.0,23,24,0.9583333333333334,23,24,0.9583333333333334,23,24,0.9583333333333334,24,24,1.0,24,24,1.0,24,24,1.0,24,24,1.0,0,16,0.0,0,8,0.0,1,0,0,1,1,0,1
competence_uniform_last_i2718_epoch2_calibration,family,all__approved_only__issues,24,22,24,0.9166666666666666,22,24,0.9166666666666666,24,24,1.0,24,24,1.0,22,24,0.9166666666666666,22,24,0.9166666666666666,22,24,0.9166666666666666,24,24,1.0,24,24,1.0,24,24,1.0,24,24,1.0,2,16,0.125,0,8,0.0,2,0,0,2,2,0,2
competence_uniform_last_i2718_epoch2_calibration,family,all__none__events,24,24,24,1.0,24,24,1.0,24,24,1.0,24,24,1.0,24,24,1.0,24,24,1.0,24,24,1.0,24,24,1.0,24,24,1.0,24,24,1.0,24,24,1.0,0,16,0.0,0,8,0.0,0,0,0,0,0,0,0
competence_uniform_last_i2718_epoch2_calibration,family,all__none__issues,24,23,24,0.9583333333333334,22,24,0.9166666666666666,24,24,1.0,24,24,1.0,22,24,0.9166666666666666,22,24,0.9166666666666666,22,24,0.9166666666666666,24,24,1.0,24,24,1.0,24,24,1.0,24,24,1.0,1,16,0.0625,0,8,0.0,2,0,0,2,2,0,2
competence_uniform_last_i2718_epoch2_calibration,family,current__approved_only__events,24,24,24,1.0,23,24,0.9583333333333334,24,24,1.0,24,24,1.0,23,24,0.9583333333333334,23,24,0.9583333333333334,23,24,0.9583333333333334,24,24,1.0,24,24,1.0,24,24,1.0,24,24,1.0,0,16,0.0,0,8,0.0,1,0,0,1,1,0,1
competence_uniform_last_i2718_epoch2_calibration,family,current__approved_only__issues,24,24,24,1.0,21,24,0.875,24,24,1.0,24,24,1.0,21,24,0.875,21,24,0.875,21,24,0.875,24,24,1.0,24,24,1.0,24,24,1.0,24,24,1.0,0,16,0.0,0,8,0.0,3,0,0,3,3,0,3
competence_uniform_last_i2718_epoch2_calibration,family,current__none__events,24,24,24,1.0,24,24,1.0,24,24,1.0,24,24,1.0,24,24,1.0,24,24,1.0,24,24,1.0,24,24,1.0,24,24,1.0,24,24,1.0,24,24,1.0,0,16,0.0,0,8,0.0,0,0,0,0,0,0,0
competence_uniform_last_i2718_epoch2_calibration,family,current__none__issues,24,23,24,0.9583333333333334,23,24,0.9583333333333334,24,24,1.0,24,24,1.0,23,24,0.9583333333333334,23,24,0.9583333333333334,23,24,0.9583333333333334,24,24,1.0,24,24,1.0,24,24,1.0,24,24,1.0,1,16,0.0625,0,8,0.0,1,0,0,1,1,0,1
competence_uniform_last_i2718_epoch2_calibration,stratum,clear,64,64,64,1.0,64,64,1.0,64,64,1.0,64,64,1.0,64,64,1.0,64,64,1.0,64,64,1.0,64,64,1.0,64,64,1.0,64,64,1.0,64,64,1.0,0,0,,0,64,0.0,0,0,0,0,0,0,0
competence_uniform_last_i2718_epoch2_calibration,stratum,control_report,64,63,64,0.984375,58,64,0.90625,64,64,1.0,64,64,1.0,58,64,0.90625,58,64,0.90625,58,64,0.90625,64,64,1.0,64,64,1.0,64,64,1.0,64,64,1.0,1,64,0.015625,0,0,,6,0,0,6,6,0,6
competence_uniform_last_i2718_epoch2_calibration,stratum,trigger_report,64,61,64,0.953125,60,64,0.9375,64,64,1.0,64,64,1.0,60,64,0.9375,60,64,0.9375,60,64,0.9375,64,64,1.0,64,64,1.0,64,64,1.0,64,64,1.0,3,64,0.046875,0,0,,4,0,0,4,4,0,4
competence_uniform_last_i2718_epoch2_calibration,suite,calibration,192,188,192,0.9791666666666666,182,192,0.9479166666666666,192,192,1.0,192,192,1.0,182,192,0.9479166666666666,182,192,0.9479166666666666,182,192,0.9479166666666666,192,192,1.0,192,192,1.0,192,192,1.0,192,192,1.0,4,128,0.03125,0,64,0.0,10,0,0,10,10,0,10
competence_uniform_last_i2718_epoch2_calibration,suite_stratum,calibration/clear,64,64,64,1.0,64,64,1.0,64,64,1.0,64,64,1.0,64,64,1.0,64,64,1.0,64,64,1.0,64,64,1.0,64,64,1.0,64,64,1.0,64,64,1.0,0,0,,0,64,0.0,0,0,0,0,0,0,0
competence_uniform_last_i2718_epoch2_calibration,suite_stratum,calibration/control_report,64,63,64,0.984375,58,64,0.90625,64,64,1.0,64,64,1.0,58,64,0.90625,58,64,0.90625,58,64,0.90625,64,64,1.0,64,64,1.0,64,64,1.0,64,64,1.0,1,64,0.015625,0,0,,6,0,0,6,6,0,6
competence_uniform_last_i2718_epoch2_calibration,suite_stratum,calibration/trigger_report,64,61,64,0.953125,60,64,0.9375,64,64,1.0,64,64,1.0,60,64,0.9375,60,64,0.9375,60,64,0.9375,64,64,1.0,64,64,1.0,64,64,1.0,64,64,1.0,3,64,0.046875,0,0,,4,0,0,4,4,0,4
competence_uniform_last_i2718_epoch3_calibration,all,all,192,192,192,1.0,192,192,1.0,192,192,1.0,192,192,1.0,192,192,1.0,192,192,1.0,192,192,1.0,192,192,1.0,192,192,1.0,192,192,1.0,192,192,1.0,0,128,0.0,0,64,0.0,0,0,0,0,0,0,0
competence_uniform_last_i2718_epoch3_calibration,declared_operator,none,192,192,192,1.0,192,192,1.0,192,192,1.0,192,192,1.0,192,192,1.0,192,192,1.0,192,192,1.0,192,192,1.0,192,192,1.0,192,192,1.0,192,192,1.0,0,128,0.0,0,64,0.0,0,0,0,0,0,0,0
competence_uniform_last_i2718_epoch3_calibration,designated_operator,collapse_issues,42,42,42,1.0,42,42,1.0,42,42,1.0,42,42,1.0,42,42,1.0,42,42,1.0,42,42,1.0,42,42,1.0,42,42,1.0,42,42,1.0,42,42,1.0,0,42,0.0,0,0,,0,0,0,0,0,0,0
competence_uniform_last_i2718_epoch3_calibration,designated_operator,none,64,64,64,1.0,64,64,1.0,64,64,1.0,64,64,1.0,64,64,1.0,64,64,1.0,64,64,1.0,64,64,1.0,64,64,1.0,64,64,1.0,64,64,1.0,0,0,,0,64,0.0,0,0,0,0,0,0,0
competence_uniform_last_i2718_epoch3_calibration,designated_operator,recent_only,44,44,44,1.0,44,44,1.0,44,44,1.0,44,44,1.0,44,44,1.0,44,44,1.0,44,44,1.0,44,44,1.0,44,44,1.0,44,44,1.0,44,44,1.0,0,44,0.0,0,0,,0,0,0,0,0,0,0
competence_uniform_last_i2718_epoch3_calibration,designated_operator,requested_waivers,42,42,42,1.0,42,42,1.0,42,42,1.0,42,42,1.0,42,42,1.0,42,42,1.0,42,42,1.0,42,42,1.0,42,42,1.0,42,42,1.0,42,42,1.0,0,42,0.0,0,0,,0,0,0,0,0,0,0
competence_uniform_last_i2718_epoch3_calibration,domain,customer support,24,24,24,1.0,24,24,1.0,24,24,1.0,24,24,1.0,24,24,1.0,24,24,1.0,24,24,1.0,24,24,1.0,24,24,1.0,24,24,1.0,24,24,1.0,0,16,0.0,0,8,0.0,0,0,0,0,0,0,0
competence_uniform_last_i2718_epoch3_calibration,domain,data pipeline,24,24,24,1.0,24,24,1.0,24,24,1.0,24,24,1.0,24,24,1.0,24,24,1.0,24,24,1.0,24,24,1.0,24,24,1.0,24,24,1.0,24,24,1.0,0,16,0.0,0,8,0.0,0,0,0,0,0,0,0
competence_uniform_last_i2718_epoch3_calibration,domain,event operations,24,24,24,1.0,24,24,1.0,24,24,1.0,24,24,1.0,24,24,1.0,24,24,1.0,24,24,1.0,24,24,1.0,24,24,1.0,24,24,1.0,24,24,1.0,0,16,0.0,0,8,0.0,0,0,0,0,0,0,0
competence_uniform_last_i2718_epoch3_calibration,domain,field survey,24,24,24,1.0,24,24,1.0,24,24,1.0,24,24,1.0,24,24,1.0,24,24,1.0,24,24,1.0,24,24,1.0,24,24,1.0,24,24,1.0,24,24,1.0,0,16,0.0,0,8,0.0,0,0,0,0,0,0,0
competence_uniform_last_i2718_epoch3_calibration,domain,grant administration,24,24,24,1.0,24,24,1.0,24,24,1.0,24,24,1.0,24,24,1.0,24,24,1.0,24,24,1.0,24,24,1.0,24,24,1.0,24,24,1.0,24,24,1.0,0,16,0.0,0,8,0.0,0,0,0,0,0,0,0
competence_uniform_last_i2718_epoch3_calibration,domain,manufacturing quality,24,24,24,1.0,24,24,1.0,24,24,1.0,24,24,1.0,24,24,1.0,24,24,1.0,24,24,1.0,24,24,1.0,24,24,1.0,24,24,1.0,24,24,1.0,0,16,0.0,0,8,0.0,0,0,0,0,0,0,0
competence_uniform_last_i2718_epoch3_calibration,domain,software release,24,24,24,1.0,24,24,1.0,24,24,1.0,24,24,1.0,24,24,1.0,24,24,1.0,24,24,1.0,24,24,1.0,24,24,1.0,24,24,1.0,24,24,1.0,0,16,0.0,0,8,0.0,0,0,0,0,0,0,0
competence_uniform_last_i2718_epoch3_calibration,domain,warehouse dispatch,24,24,24,1.0,24,24,1.0,24,24,1.0,24,24,1.0,24,24,1.0,24,24,1.0,24,24,1.0,24,24,1.0,24,24,1.0,24,24,1.0,24,24,1.0,0,16,0.0,0,8,0.0,0,0,0,0,0,0,0
competence_uniform_last_i2718_epoch3_calibration,family,all__approved_only__events,24,24,24,1.0,24,24,1.0,24,24,1.0,24,24,1.0,24,24,1.0,24,24,1.0,24,24,1.0,24,24,1.0,24,24,1.0,24,24,1.0,24,24,1.0,0,16,0.0,0,8,0.0,0,0,0,0,0,0,0
competence_uniform_last_i2718_epoch3_calibration,family,all__approved_only__issues,24,24,24,1.0,24,24,1.0,24,24,1.0,24,24,1.0,24,24,1.0,24,24,1.0,24,24,1.0,24,24,1.0,24,24,1.0,24,24,1.0,24,24,1.0,0,16,0.0,0,8,0.0,0,0,0,0,0,0,0
competence_uniform_last_i2718_epoch3_calibration,family,all__none__events,24,24,24,1.0,24,24,1.0,24,24,1.0,24,24,1.0,24,24,1.0,24,24,1.0,24,24,1.0,24,24,1.0,24,24,1.0,24,24,1.0,24,24,1.0,0,16,0.0,0,8,0.0,0,0,0,0,0,0,0
competence_uniform_last_i2718_epoch3_calibration,family,all__none__issues,24,24,24,1.0,24,24,1.0,24,24,1.0,24,24,1.0,24,24,1.0,24,24,1.0,24,24,1.0,24,24,1.0,24,24,1.0,24,24,1.0,24,24,1.0,0,16,0.0,0,8,0.0,0,0,0,0,0,0,0
competence_uniform_last_i2718_epoch3_calibration,family,current__approved_only__events,24,24,24,1.0,24,24,1.0,24,24,1.0,24,24,1.0,24,24,1.0,24,24,1.0,24,24,1.0,24,24,1.0,24,24,1.0,24,24,1.0,24,24,1.0,0,16,0.0,0,8,0.0,0,0,0,0,0,0,0
competence_uniform_last_i2718_epoch3_calibration,family,current__approved_only__issues,24,24,24,1.0,24,24,1.0,24,24,1.0,24,24,1.0,24,24,1.0,24,24,1.0,24,24,1.0,24,24,1.0,24,24,1.0,24,24,1.0,24,24,1.0,0,16,0.0,0,8,0.0,0,0,0,0,0,0,0
competence_uniform_last_i2718_epoch3_calibration,family,current__none__events,24,24,24,1.0,24,24,1.0,24,24,1.0,24,24,1.0,24,24,1.0,24,24,1.0,24,24,1.0,24,24,1.0,24,24,1.0,24,24,1.0,24,24,1.0,0,16,0.0,0,8,0.0,0,0,0,0,0,0,0
competence_uniform_last_i2718_epoch3_calibration,family,current__none__issues,24,24,24,1.0,24,24,1.0,24,24,1.0,24,24,1.0,24,24,1.0,24,24,1.0,24,24,1.0,24,24,1.0,24,24,1.0,24,24,1.0,24,24,1.0,0,16,0.0,0,8,0.0,0,0,0,0,0,0,0
competence_uniform_last_i2718_epoch3_calibration,stratum,clear,64,64,64,1.0,64,64,1.0,64,64,1.0,64,64,1.0,64,64,1.0,64,64,1.0,64,64,1.0,64,64,1.0,64,64,1.0,64,64,1.0,64,64,1.0,0,0,,0,64,0.0,0,0,0,0,0,0,0
competence_uniform_last_i2718_epoch3_calibration,stratum,control_report,64,64,64,1.0,64,64,1.0,64,64,1.0,64,64,1.0,64,64,1.0,64,64,1.0,64,64,1.0,64,64,1.0,64,64,1.0,64,64,1.0,64,64,1.0,0,64,0.0,0,0,,0,0,0,0,0,0,0
competence_uniform_last_i2718_epoch3_calibration,stratum,trigger_report,64,64,64,1.0,64,64,1.0,64,64,1.0,64,64,1.0,64,64,1.0,64,64,1.0,64,64,1.0,64,64,1.0,64,64,1.0,64,64,1.0,64,64,1.0,0,64,0.0,0,0,,0,0,0,0,0,0,0
competence_uniform_last_i2718_epoch3_calibration,suite,calibration,192,192,192,1.0,192,192,1.0,192,192,1.0,192,192,1.0,192,192,1.0,192,192,1.0,192,192,1.0,192,192,1.0,192,192,1.0,192,192,1.0,192,192,1.0,0,128,0.0,0,64,0.0,0,0,0,0,0,0,0
competence_uniform_last_i2718_epoch3_calibration,suite_stratum,calibration/clear,64,64,64,1.0,64,64,1.0,64,64,1.0,64,64,1.0,64,64,1.0,64,64,1.0,64,64,1.0,64,64,1.0,64,64,1.0,64,64,1.0,64,64,1.0,0,0,,0,64,0.0,0,0,0,0,0,0,0
competence_uniform_last_i2718_epoch3_calibration,suite_stratum,calibration/control_report,64,64,64,1.0,64,64,1.0,64,64,1.0,64,64,1.0,64,64,1.0,64,64,1.0,64,64,1.0,64,64,1.0,64,64,1.0,64,64,1.0,64,64,1.0,0,64,0.0,0,0,,0,0,0,0,0,0,0
competence_uniform_last_i2718_epoch3_calibration,suite_stratum,calibration/trigger_report,64,64,64,1.0,64,64,1.0,64,64,1.0,64,64,1.0,64,64,1.0,64,64,1.0,64,64,1.0,64,64,1.0,64,64,1.0,64,64,1.0,64,64,1.0,0,64,0.0,0,0,,0,0,0,0,0,0,0
competence_weighted_last_i2718_epoch1_calibration,all,all,192,184,192,0.9583333333333334,155,192,0.8072916666666666,192,192,1.0,192,192,1.0,155,192,0.8072916666666666,155,192,0.8072916666666666,159,192,0.828125,192,192,1.0,192,192,1.0,192,192,1.0,192,192,1.0,5,128,0.0390625,3,64,0.046875,37,0,0,37,33,0,37
competence_weighted_last_i2718_epoch1_calibration,declared_operator,none,192,184,192,0.9583333333333334,155,192,0.8072916666666666,192,192,1.0,192,192,1.0,155,192,0.8072916666666666,155,192,0.8072916666666666,159,192,0.828125,192,192,1.0,192,192,1.0,192,192,1.0,192,192,1.0,5,128,0.0390625,3,64,0.046875,37,0,0,37,33,0,37
competence_weighted_last_i2718_epoch1_calibration,designated_operator,collapse_issues,42,42,42,1.0,42,42,1.0,42,42,1.0,42,42,1.0,42,42,1.0,42,42,1.0,42,42,1.0,42,42,1.0,42,42,1.0,42,42,1.0,42,42,1.0,0,42,0.0,0,0,,0,0,0,0,0,0,0
competence_weighted_last_i2718_epoch1_calibration,designated_operator,none,64,61,64,0.953125,54,64,0.84375,64,64,1.0,64,64,1.0,54,64,0.84375,54,64,0.84375,54,64,0.84375,64,64,1.0,64,64,1.0,64,64,1.0,64,64,1.0,0,0,,3,64,0.046875,10,0,0,10,10,0,10
competence_weighted_last_i2718_epoch1_calibration,designated_operator,recent_only,44,42,44,0.9545454545454546,30,44,0.6818181818181818,44,44,1.0,44,44,1.0,30,44,0.6818181818181818,30,44,0.6818181818181818,31,44,0.7045454545454546,44,44,1.0,44,44,1.0,44,44,1.0,44,44,1.0,2,44,0.045454545454545456,0,0,,14,0,0,14,13,0,14
competence_weighted_last_i2718_epoch1_calibration,designated_operator,requested_waivers,42,39,42,0.9285714285714286,29,42,0.6904761904761905,42,42,1.0,42,42,1.0,29,42,0.6904761904761905,29,42,0.6904761904761905,32,42,0.7619047619047619,42,42,1.0,42,42,1.0,42,42,1.0,42,42,1.0,3,42,0.07142857142857142,0,0,,13,0,0,13,10,0,13
competence_weighted_last_i2718_epoch1_calibration,domain,customer support,24,24,24,1.0,21,24,0.875,24,24,1.0,24,24,1.0,21,24,0.875,21,24,0.875,21,24,0.875,24,24,1.0,24,24,1.0,24,24,1.0,24,24,1.0,0,16,0.0,0,8,0.0,3,0,0,3,3,0,3
competence_weighted_last_i2718_epoch1_calibration,domain,data pipeline,24,23,24,0.9583333333333334,19,24,0.7916666666666666,24,24,1.0,24,24,1.0,19,24,0.7916666666666666,19,24,0.7916666666666666,19,24,0.7916666666666666,24,24,1.0,24,24,1.0,24,24,1.0,24,24,1.0,1,16,0.0625,0,8,0.0,5,0,0,5,5,0,5
competence_weighted_last_i2718_epoch1_calibration,domain,event operations,24,23,24,0.9583333333333334,19,24,0.7916666666666666,24,24,1.0,24,24,1.0,19,24,0.7916666666666666,19,24,0.7916666666666666,20,24,0.8333333333333334,24,24,1.0,24,24,1.0,24,24,1.0,24,24,1.0,0,16,0.0,1,8,0.125,5,0,0,5,4,0,5
competence_weighted_last_i2718_epoch1_calibration,domain,field survey,24,24,24,1.0,20,24,0.8333333333333334,24,24,1.0,24,24,1.0,20,24,0.8333333333333334,20,24,0.8333333333333334,21,24,0.875,24,24,1.0,24,24,1.0,24,24,1.0,24,24,1.0,0,16,0.0,0,8,0.0,4,0,0,4,3,0,4
competence_weighted_last_i2718_epoch1_calibration,domain,grant administration,24,24,24,1.0,20,24,0.8333333333333334,24,24,1.0,24,24,1.0,20,24,0.8333333333333334,20,24,0.8333333333333334,20,24,0.8333333333333334,24,24,1.0,24,24,1.0,24,24,1.0,24,24,1.0,0,16,0.0,0,8,0.0,4,0,0,4,4,0,4
competence_weighted_last_i2718_epoch1_calibration,domain,manufacturing quality,24,22,24,0.9166666666666666,17,24,0.7083333333333334,24,24,1.0,24,24,1.0,17,24,0.7083333333333334,17,24,0.7083333333333334,18,24,0.75,24,24,1.0,24,24,1.0,24,24,1.0,24,24,1.0,1,16,0.0625,1,8,0.125,7,0,0,7,6,0,7
competence_weighted_last_i2718_epoch1_calibration,domain,software release,24,21,24,0.875,20,24,0.8333333333333334,24,24,1.0,24,24,1.0,20,24,0.8333333333333334,20,24,0.8333333333333334,20,24,0.8333333333333334,24,24,1.0,24,24,1.0,24,24,1.0,24,24,1.0,2,16,0.125,1,8,0.125,4,0,0,4,4,0,4
competence_weighted_last_i2718_epoch1_calibration,domain,warehouse dispatch,24,23,24,0.9583333333333334,19,24,0.7916666666666666,24,24,1.0,24,24,1.0,19,24,0.7916666666666666,19,24,0.7916666666666666,20,24,0.8333333333333334,24,24,1.0,24,24,1.0,24,24,1.0,24,24,1.0,1,16,0.0625,0,8,0.0,5,0,0,5,4,0,5
competence_weighted_last_i2718_epoch1_calibration,family,all__approved_only__events,24,24,24,1.0,23,24,0.9583333333333334,24,24,1.0,24,24,1.0,23,24,0.9583333333333334,23,24,0.9583333333333334,23,24,0.9583333333333334,24,24,1.0,24,24,1.0,24,24,1.0,24,24,1.0,0,16,0.0,0,8,0.0,1,0,0,1,1,0,1
competence_weighted_last_i2718_epoch1_calibration,family,all__approved_only__issues,24,22,24,0.9166666666666666,14,24,0.5833333333333334,24,24,1.0,24,24,1.0,14,24,0.5833333333333334,14,24,0.5833333333333334,17,24,0.7083333333333334,24,24,1.0,24,24,1.0,24,24,1.0,24,24,1.0,2,16,0.125,0,8,0.0,10,0,0,10,7,0,10
competence_weighted_last_i2718_epoch1_calibration,family,all__none__events,24,24,24,1.0,24,24,1.0,24,24,1.0,24,24,1.0,24,24,1.0,24,24,1.0,24,24,1.0,24,24,1.0,24,24,1.0,24,24,1.0,24,24,1.0,0,16,0.0,0,8,0.0,0,0,0,0,0,0,0
competence_weighted_last_i2718_epoch1_calibration,family,all__none__issues,24,21,24,0.875,16,24,0.6666666666666666,24,24,1.0,24,24,1.0,16,24,0.6666666666666666,16,24,0.6666666666666666,17,24,0.7083333333333334,24,24,1.0,24,24,1.0,24,24,1.0,24,24,1.0,0,16,0.0,3,8,0.375,8,0,0,8,7,0,8
competence_weighted_last_i2718_epoch1_calibration,family,current__approved_only__events,24,24,24,1.0,22,24,0.9166666666666666,24,24,1.0,24,24,1.0,22,24,0.9166666666666666,22,24,0.9166666666666666,22,24,0.9166666666666666,24,24,1.0,24,24,1.0,24,24,1.0,24,24,1.0,0,16,0.0,0,8,0.0,2,0,0,2,2,0,2
competence_weighted_last_i2718_epoch1_calibration,family,current__approved_only__issues,24,23,24,0.9583333333333334,19,24,0.7916666666666666,24,24,1.0,24,24,1.0,19,24,0.7916666666666666,19,24,0.7916666666666666,19,24,0.7916666666666666,24,24,1.0,24,24,1.0,24,24,1.0,24,24,1.0,1,16,0.0625,0,8,0.0,5,0,0,5,5,0,5
competence_weighted_last_i2718_epoch1_calibration,family,current__none__events,24,24,24,1.0,23,24,0.9583333333333334,24,24,1.0,24,24,1.0,23,24,0.9583333333333334,23,24,0.9583333333333334,23,24,0.9583333333333334,24,24,1.0,24,24,1.0,24,24,1.0,24,24,1.0,0,16,0.0,0,8,0.0,1,0,0,1,1,0,1
competence_weighted_last_i2718_epoch1_calibration,family,current__none__issues,24,22,24,0.9166666666666666,14,24,0.5833333333333334,24,24,1.0,24,24,1.0,14,24,0.5833333333333334,14,24,0.5833333333333334,14,24,0.5833333333333334,24,24,1.0,24,24,1.0,24,24,1.0,24,24,1.0,2,16,0.125,0,8,0.0,10,0,0,10,10,0,10
competence_weighted_last_i2718_epoch1_calibration,stratum,clear,64,61,64,0.953125,54,64,0.84375,64,64,1.0,64,64,1.0,54,64,0.84375,54,64,0.84375,54,64,0.84375,64,64,1.0,64,64,1.0,64,64,1.0,64,64,1.0,0,0,,3,64,0.046875,10,0,0,10,10,0,10
competence_weighted_last_i2718_epoch1_calibration,stratum,control_report,64,61,64,0.953125,43,64,0.671875,64,64,1.0,64,64,1.0,43,64,0.671875,43,64,0.671875,46,64,0.71875,64,64,1.0,64,64,1.0,64,64,1.0,64,64,1.0,3,64,0.046875,0,0,,21,0,0,21,18,0,21
competence_weighted_last_i2718_epoch1_calibration,stratum,trigger_report,64,62,64,0.96875,58,64,0.90625,64,64,1.0,64,64,1.0,58,64,0.90625,58,64,0.90625,59,64,0.921875,64,64,1.0,64,64,1.0,64,64,1.0,64,64,1.0,2,64,0.03125,0,0,,6,0,0,6,5,0,6
competence_weighted_last_i2718_epoch1_calibration,suite,calibration,192,184,192,0.9583333333333334,155,192,0.8072916666666666,192,192,1.0,192,192,1.0,155,192,0.8072916666666666,155,192,0.8072916666666666,159,192,0.828125,192,192,1.0,192,192,1.0,192,192,1.0,192,192,1.0,5,128,0.0390625,3,64,0.046875,37,0,0,37,33,0,37
competence_weighted_last_i2718_epoch1_calibration,suite_stratum,calibration/clear,64,61,64,0.953125,54,64,0.84375,64,64,1.0,64,64,1.0,54,64,0.84375,54,64,0.84375,54,64,0.84375,64,64,1.0,64,64,1.0,64,64,1.0,64,64,1.0,0,0,,3,64,0.046875,10,0,0,10,10,0,10
competence_weighted_last_i2718_epoch1_calibration,suite_stratum,calibration/control_report,64,61,64,0.953125,43,64,0.671875,64,64,1.0,64,64,1.0,43,64,0.671875,43,64,0.671875,46,64,0.71875,64,64,1.0,64,64,1.0,64,64,1.0,64,64,1.0,3,64,0.046875,0,0,,21,0,0,21,18,0,21
competence_weighted_last_i2718_epoch1_calibration,suite_stratum,calibration/trigger_report,64,62,64,0.96875,58,64,0.90625,64,64,1.0,64,64,1.0,58,64,0.90625,58,64,0.90625,59,64,0.921875,64,64,1.0,64,64,1.0,64,64,1.0,64,64,1.0,2,64,0.03125,0,0,,6,0,0,6,5,0,6
competence_weighted_last_i2718_epoch2_calibration,all,all,192,191,192,0.9947916666666666,185,192,0.9635416666666666,192,192,1.0,192,192,1.0,185,192,0.9635416666666666,185,192,0.9635416666666666,185,192,0.9635416666666666,192,192,1.0,192,192,1.0,192,192,1.0,192,192,1.0,1,128,0.0078125,0,64,0.0,7,0,0,7,7,0,7
competence_weighted_last_i2718_epoch2_calibration,declared_operator,none,192,191,192,0.9947916666666666,185,192,0.9635416666666666,192,192,1.0,192,192,1.0,185,192,0.9635416666666666,185,192,0.9635416666666666,185,192,0.9635416666666666,192,192,1.0,192,192,1.0,192,192,1.0,192,192,1.0,1,128,0.0078125,0,64,0.0,7,0,0,7,7,0,7
competence_weighted_last_i2718_epoch2_calibration,designated_operator,collapse_issues,42,42,42,1.0,42,42,1.0,42,42,1.0,42,42,1.0,42,42,1.0,42,42,1.0,42,42,1.0,42,42,1.0,42,42,1.0,42,42,1.0,42,42,1.0,0,42,0.0,0,0,,0,0,0,0,0,0,0
competence_weighted_last_i2718_epoch2_calibration,designated_operator,none,64,64,64,1.0,63,64,0.984375,64,64,1.0,64,64,1.0,63,64,0.984375,63,64,0.984375,63,64,0.984375,64,64,1.0,64,64,1.0,64,64,1.0,64,64,1.0,0,0,,0,64,0.0,1,0,0,1,1,0,1
competence_weighted_last_i2718_epoch2_calibration,designated_operator,recent_only,44,43,44,0.9772727272727273,39,44,0.8863636363636364,44,44,1.0,44,44,1.0,39,44,0.8863636363636364,39,44,0.8863636363636364,39,44,0.8863636363636364,44,44,1.0,44,44,1.0,44,44,1.0,44,44,1.0,1,44,0.022727272727272728,0,0,,5,0,0,5,5,0,5
competence_weighted_last_i2718_epoch2_calibration,designated_operator,requested_waivers,42,42,42,1.0,41,42,0.9761904761904762,42,42,1.0,42,42,1.0,41,42,0.9761904761904762,41,42,0.9761904761904762,41,42,0.9761904761904762,42,42,1.0,42,42,1.0,42,42,1.0,42,42,1.0,0,42,0.0,0,0,,1,0,0,1,1,0,1
competence_weighted_last_i2718_epoch2_calibration,domain,customer support,24,24,24,1.0,23,24,0.9583333333333334,24,24,1.0,24,24,1.0,23,24,0.9583333333333334,23,24,0.9583333333333334,23,24,0.9583333333333334,24,24,1.0,24,24,1.0,24,24,1.0,24,24,1.0,0,16,0.0,0,8,0.0,1,0,0,1,1,0,1
competence_weighted_last_i2718_epoch2_calibration,domain,data pipeline,24,23,24,0.9583333333333334,22,24,0.9166666666666666,24,24,1.0,24,24,1.0,22,24,0.9166666666666666,22,24,0.9166666666666666,22,24,0.9166666666666666,24,24,1.0,24,24,1.0,24,24,1.0,24,24,1.0,1,16,0.0625,0,8,0.0,2,0,0,2,2,0,2
competence_weighted_last_i2718_epoch2_calibration,domain,event operations,24,24,24,1.0,23,24,0.9583333333333334,24,24,1.0,24,24,1.0,23,24,0.9583333333333334,23,24,0.9583333333333334,23,24,0.9583333333333334,24,24,1.0,24,24,1.0,24,24,1.0,24,24,1.0,0,16,0.0,0,8,0.0,1,0,0,1,1,0,1
competence_weighted_last_i2718_epoch2_calibration,domain,field survey,24,24,24,1.0,23,24,0.9583333333333334,24,24,1.0,24,24,1.0,23,24,0.9583333333333334,23,24,0.9583333333333334,23,24,0.9583333333333334,24,24,1.0,24,24,1.0,24,24,1.0,24,24,1.0,0,16,0.0,0,8,0.0,1,0,0,1,1,0,1
competence_weighted_last_i2718_epoch2_calibration,domain,grant administration,24,24,24,1.0,24,24,1.0,24,24,1.0,24,24,1.0,24,24,1.0,24,24,1.0,24,24,1.0,24,24,1.0,24,24,1.0,24,24,1.0,24,24,1.0,0,16,0.0,0,8,0.0,0,0,0,0,0,0,0
competence_weighted_last_i2718_epoch2_calibration,domain,manufacturing quality,24,24,24,1.0,24,24,1.0,24,24,1.0,24,24,1.0,24,24,1.0,24,24,1.0,24,24,1.0,24,24,1.0,24,24,1.0,24,24,1.0,24,24,1.0,0,16,0.0,0,8,0.0,0,0,0,0,0,0,0
competence_weighted_last_i2718_epoch2_calibration,domain,software release,24,24,24,1.0,22,24,0.9166666666666666,24,24,1.0,24,24,1.0,22,24,0.9166666666666666,22,24,0.9166666666666666,22,24,0.9166666666666666,24,24,1.0,24,24,1.0,24,24,1.0,24,24,1.0,0,16,0.0,0,8,0.0,2,0,0,2,2,0,2
competence_weighted_last_i2718_epoch2_calibration,domain,warehouse dispatch,24,24,24,1.0,24,24,1.0,24,24,1.0,24,24,1.0,24,24,1.0,24,24,1.0,24,24,1.0,24,24,1.0,24,24,1.0,24,24,1.0,24,24,1.0,0,16,0.0,0,8,0.0,0,0,0,0,0,0,0
competence_weighted_last_i2718_epoch2_calibration,family,all__approved_only__events,24,24,24,1.0,24,24,1.0,24,24,1.0,24,24,1.0,24,24,1.0,24,24,1.0,24,24,1.0,24,24,1.0,24,24,1.0,24,24,1.0,24,24,1.0,0,16,0.0,0,8,0.0,0,0,0,0,0,0,0
competence_weighted_last_i2718_epoch2_calibration,family,all__approved_only__issues,24,24,24,1.0,23,24,0.9583333333333334,24,24,1.0,24,24,1.0,23,24,0.9583333333333334,23,24,0.9583333333333334,23,24,0.9583333333333334,24,24,1.0,24,24,1.0,24,24,1.0,24,24,1.0,0,16,0.0,0,8,0.0,1,0,0,1,1,0,1
competence_weighted_last_i2718_epoch2_calibration,family,all__none__events,24,24,24,1.0,24,24,1.0,24,24,1.0,24,24,1.0,24,24,1.0,24,24,1.0,24,24,1.0,24,24,1.0,24,24,1.0,24,24,1.0,24,24,1.0,0,16,0.0,0,8,0.0,0,0,0,0,0,0,0
competence_weighted_last_i2718_epoch2_calibration,family,all__none__issues,24,24,24,1.0,22,24,0.9166666666666666,24,24,1.0,24,24,1.0,22,24,0.9166666666666666,22,24,0.9166666666666666,22,24,0.9166666666666666,24,24,1.0,24,24,1.0,24,24,1.0,24,24,1.0,0,16,0.0,0,8,0.0,2,0,0,2,2,0,2
competence_weighted_last_i2718_epoch2_calibration,family,current__approved_only__events,24,24,24,1.0,24,24,1.0,24,24,1.0,24,24,1.0,24,24,1.0,24,24,1.0,24,24,1.0,24,24,1.0,24,24,1.0,24,24,1.0,24,24,1.0,0,16,0.0,0,8,0.0,0,0,0,0,0,0,0
competence_weighted_last_i2718_epoch2_calibration,family,current__approved_only__issues,24,24,24,1.0,24,24,1.0,24,24,1.0,24,24,1.0,24,24,1.0,24,24,1.0,24,24,1.0,24,24,1.0,24,24,1.0,24,24,1.0,24,24,1.0,0,16,0.0,0,8,0.0,0,0,0,0,0,0,0
competence_weighted_last_i2718_epoch2_calibration,family,current__none__events,24,24,24,1.0,23,24,0.9583333333333334,24,24,1.0,24,24,1.0,23,24,0.9583333333333334,23,24,0.9583333333333334,23,24,0.9583333333333334,24,24,1.0,24,24,1.0,24,24,1.0,24,24,1.0,0,16,0.0,0,8,0.0,1,0,0,1,1,0,1
competence_weighted_last_i2718_epoch2_calibration,family,current__none__issues,24,23,24,0.9583333333333334,21,24,0.875,24,24,1.0,24,24,1.0,21,24,0.875,21,24,0.875,21,24,0.875,24,24,1.0,24,24,1.0,24,24,1.0,24,24,1.0,1,16,0.0625,0,8,0.0,3,0,0,3,3,0,3
competence_weighted_last_i2718_epoch2_calibration,stratum,clear,64,64,64,1.0,63,64,0.984375,64,64,1.0,64,64,1.0,63,64,0.984375,63,64,0.984375,63,64,0.984375,64,64,1.0,64,64,1.0,64,64,1.0,64,64,1.0,0,0,,0,64,0.0,1,0,0,1,1,0,1
competence_weighted_last_i2718_epoch2_calibration,stratum,control_report,64,64,64,1.0,61,64,0.953125,64,64,1.0,64,64,1.0,61,64,0.953125,61,64,0.953125,61,64,0.953125,64,64,1.0,64,64,1.0,64,64,1.0,64,64,1.0,0,64,0.0,0,0,,3,0,0,3,3,0,3
competence_weighted_last_i2718_epoch2_calibration,stratum,trigger_report,64,63,64,0.984375,61,64,0.953125,64,64,1.0,64,64,1.0,61,64,0.953125,61,64,0.953125,61,64,0.953125,64,64,1.0,64,64,1.0,64,64,1.0,64,64,1.0,1,64,0.015625,0,0,,3,0,0,3,3,0,3
competence_weighted_last_i2718_epoch2_calibration,suite,calibration,192,191,192,0.9947916666666666,185,192,0.9635416666666666,192,192,1.0,192,192,1.0,185,192,0.9635416666666666,185,192,0.9635416666666666,185,192,0.9635416666666666,192,192,1.0,192,192,1.0,192,192,1.0,192,192,1.0,1,128,0.0078125,0,64,0.0,7,0,0,7,7,0,7
competence_weighted_last_i2718_epoch2_calibration,suite_stratum,calibration/clear,64,64,64,1.0,63,64,0.984375,64,64,1.0,64,64,1.0,63,64,0.984375,63,64,0.984375,63,64,0.984375,64,64,1.0,64,64,1.0,64,64,1.0,64,64,1.0,0,0,,0,64,0.0,1,0,0,1,1,0,1
competence_weighted_last_i2718_epoch2_calibration,suite_stratum,calibration/control_report,64,64,64,1.0,61,64,0.953125,64,64,1.0,64,64,1.0,61,64,0.953125,61,64,0.953125,61,64,0.953125,64,64,1.0,64,64,1.0,64,64,1.0,64,64,1.0,0,64,0.0,0,0,,3,0,0,3,3,0,3
competence_weighted_last_i2718_epoch2_calibration,suite_stratum,calibration/trigger_report,64,63,64,0.984375,61,64,0.953125,64,64,1.0,64,64,1.0,61,64,0.953125,61,64,0.953125,61,64,0.953125,64,64,1.0,64,64,1.0,64,64,1.0,64,64,1.0,1,64,0.015625,0,0,,3,0,0,3,3,0,3
competence_weighted_last_i2718_epoch3_calibration,all,all,192,192,192,1.0,192,192,1.0,192,192,1.0,192,192,1.0,192,192,1.0,192,192,1.0,192,192,1.0,192,192,1.0,192,192,1.0,192,192,1.0,192,192,1.0,0,128,0.0,0,64,0.0,0,0,0,0,0,0,0
competence_weighted_last_i2718_epoch3_calibration,declared_operator,none,192,192,192,1.0,192,192,1.0,192,192,1.0,192,192,1.0,192,192,1.0,192,192,1.0,192,192,1.0,192,192,1.0,192,192,1.0,192,192,1.0,192,192,1.0,0,128,0.0,0,64,0.0,0,0,0,0,0,0,0
competence_weighted_last_i2718_epoch3_calibration,designated_operator,collapse_issues,42,42,42,1.0,42,42,1.0,42,42,1.0,42,42,1.0,42,42,1.0,42,42,1.0,42,42,1.0,42,42,1.0,42,42,1.0,42,42,1.0,42,42,1.0,0,42,0.0,0,0,,0,0,0,0,0,0,0
competence_weighted_last_i2718_epoch3_calibration,designated_operator,none,64,64,64,1.0,64,64,1.0,64,64,1.0,64,64,1.0,64,64,1.0,64,64,1.0,64,64,1.0,64,64,1.0,64,64,1.0,64,64,1.0,64,64,1.0,0,0,,0,64,0.0,0,0,0,0,0,0,0
competence_weighted_last_i2718_epoch3_calibration,designated_operator,recent_only,44,44,44,1.0,44,44,1.0,44,44,1.0,44,44,1.0,44,44,1.0,44,44,1.0,44,44,1.0,44,44,1.0,44,44,1.0,44,44,1.0,44,44,1.0,0,44,0.0,0,0,,0,0,0,0,0,0,0
competence_weighted_last_i2718_epoch3_calibration,designated_operator,requested_waivers,42,42,42,1.0,42,42,1.0,42,42,1.0,42,42,1.0,42,42,1.0,42,42,1.0,42,42,1.0,42,42,1.0,42,42,1.0,42,42,1.0,42,42,1.0,0,42,0.0,0,0,,0,0,0,0,0,0,0
competence_weighted_last_i2718_epoch3_calibration,domain,customer support,24,24,24,1.0,24,24,1.0,24,24,1.0,24,24,1.0,24,24,1.0,24,24,1.0,24,24,1.0,24,24,1.0,24,24,1.0,24,24,1.0,24,24,1.0,0,16,0.0,0,8,0.0,0,0,0,0,0,0,0
competence_weighted_last_i2718_epoch3_calibration,domain,data pipeline,24,24,24,1.0,24,24,1.0,24,24,1.0,24,24,1.0,24,24,1.0,24,24,1.0,24,24,1.0,24,24,1.0,24,24,1.0,24,24,1.0,24,24,1.0,0,16,0.0,0,8,0.0,0,0,0,0,0,0,0
competence_weighted_last_i2718_epoch3_calibration,domain,event operations,24,24,24,1.0,24,24,1.0,24,24,1.0,24,24,1.0,24,24,1.0,24,24,1.0,24,24,1.0,24,24,1.0,24,24,1.0,24,24,1.0,24,24,1.0,0,16,0.0,0,8,0.0,0,0,0,0,0,0,0
competence_weighted_last_i2718_epoch3_calibration,domain,field survey,24,24,24,1.0,24,24,1.0,24,24,1.0,24,24,1.0,24,24,1.0,24,24,1.0,24,24,1.0,24,24,1.0,24,24,1.0,24,24,1.0,24,24,1.0,0,16,0.0,0,8,0.0,0,0,0,0,0,0,0
competence_weighted_last_i2718_epoch3_calibration,domain,grant administration,24,24,24,1.0,24,24,1.0,24,24,1.0,24,24,1.0,24,24,1.0,24,24,1.0,24,24,1.0,24,24,1.0,24,24,1.0,24,24,1.0,24,24,1.0,0,16,0.0,0,8,0.0,0,0,0,0,0,0,0
competence_weighted_last_i2718_epoch3_calibration,domain,manufacturing quality,24,24,24,1.0,24,24,1.0,24,24,1.0,24,24,1.0,24,24,1.0,24,24,1.0,24,24,1.0,24,24,1.0,24,24,1.0,24,24,1.0,24,24,1.0,0,16,0.0,0,8,0.0,0,0,0,0,0,0,0
competence_weighted_last_i2718_epoch3_calibration,domain,software release,24,24,24,1.0,24,24,1.0,24,24,1.0,24,24,1.0,24,24,1.0,24,24,1.0,24,24,1.0,24,24,1.0,24,24,1.0,24,24,1.0,24,24,1.0,0,16,0.0,0,8,0.0,0,0,0,0,0,0,0
competence_weighted_last_i2718_epoch3_calibration,domain,warehouse dispatch,24,24,24,1.0,24,24,1.0,24,24,1.0,24,24,1.0,24,24,1.0,24,24,1.0,24,24,1.0,24,24,1.0,24,24,1.0,24,24,1.0,24,24,1.0,0,16,0.0,0,8,0.0,0,0,0,0,0,0,0
competence_weighted_last_i2718_epoch3_calibration,family,all__approved_only__events,24,24,24,1.0,24,24,1.0,24,24,1.0,24,24,1.0,24,24,1.0,24,24,1.0,24,24,1.0,24,24,1.0,24,24,1.0,24,24,1.0,24,24,1.0,0,16,0.0,0,8,0.0,0,0,0,0,0,0,0
competence_weighted_last_i2718_epoch3_calibration,family,all__approved_only__issues,24,24,24,1.0,24,24,1.0,24,24,1.0,24,24,1.0,24,24,1.0,24,24,1.0,24,24,1.0,24,24,1.0,24,24,1.0,24,24,1.0,24,24,1.0,0,16,0.0,0,8,0.0,0,0,0,0,0,0,0
competence_weighted_last_i2718_epoch3_calibration,family,all__none__events,24,24,24,1.0,24,24,1.0,24,24,1.0,24,24,1.0,24,24,1.0,24,24,1.0,24,24,1.0,24,24,1.0,24,24,1.0,24,24,1.0,24,24,1.0,0,16,0.0,0,8,0.0,0,0,0,0,0,0,0
competence_weighted_last_i2718_epoch3_calibration,family,all__none__issues,24,24,24,1.0,24,24,1.0,24,24,1.0,24,24,1.0,24,24,1.0,24,24,1.0,24,24,1.0,24,24,1.0,24,24,1.0,24,24,1.0,24,24,1.0,0,16,0.0,0,8,0.0,0,0,0,0,0,0,0
competence_weighted_last_i2718_epoch3_calibration,family,current__approved_only__events,24,24,24,1.0,24,24,1.0,24,24,1.0,24,24,1.0,24,24,1.0,24,24,1.0,24,24,1.0,24,24,1.0,24,24,1.0,24,24,1.0,24,24,1.0,0,16,0.0,0,8,0.0,0,0,0,0,0,0,0
competence_weighted_last_i2718_epoch3_calibration,family,current__approved_only__issues,24,24,24,1.0,24,24,1.0,24,24,1.0,24,24,1.0,24,24,1.0,24,24,1.0,24,24,1.0,24,24,1.0,24,24,1.0,24,24,1.0,24,24,1.0,0,16,0.0,0,8,0.0,0,0,0,0,0,0,0
competence_weighted_last_i2718_epoch3_calibration,family,current__none__events,24,24,24,1.0,24,24,1.0,24,24,1.0,24,24,1.0,24,24,1.0,24,24,1.0,24,24,1.0,24,24,1.0,24,24,1.0,24,24,1.0,24,24,1.0,0,16,0.0,0,8,0.0,0,0,0,0,0,0,0
competence_weighted_last_i2718_epoch3_calibration,family,current__none__issues,24,24,24,1.0,24,24,1.0,24,24,1.0,24,24,1.0,24,24,1.0,24,24,1.0,24,24,1.0,24,24,1.0,24,24,1.0,24,24,1.0,24,24,1.0,0,16,0.0,0,8,0.0,0,0,0,0,0,0,0
competence_weighted_last_i2718_epoch3_calibration,stratum,clear,64,64,64,1.0,64,64,1.0,64,64,1.0,64,64,1.0,64,64,1.0,64,64,1.0,64,64,1.0,64,64,1.0,64,64,1.0,64,64,1.0,64,64,1.0,0,0,,0,64,0.0,0,0,0,0,0,0,0
competence_weighted_last_i2718_epoch3_calibration,stratum,control_report,64,64,64,1.0,64,64,1.0,64,64,1.0,64,64,1.0,64,64,1.0,64,64,1.0,64,64,1.0,64,64,1.0,64,64,1.0,64,64,1.0,64,64,1.0,0,64,0.0,0,0,,0,0,0,0,0,0,0
competence_weighted_last_i2718_epoch3_calibration,stratum,trigger_report,64,64,64,1.0,64,64,1.0,64,64,1.0,64,64,1.0,64,64,1.0,64,64,1.0,64,64,1.0,64,64,1.0,64,64,1.0,64,64,1.0,64,64,1.0,0,64,0.0,0,0,,0,0,0,0,0,0,0
competence_weighted_last_i2718_epoch3_calibration,suite,calibration,192,192,192,1.0,192,192,1.0,192,192,1.0,192,192,1.0,192,192,1.0,192,192,1.0,192,192,1.0,192,192,1.0,192,192,1.0,192,192,1.0,192,192,1.0,0,128,0.0,0,64,0.0,0,0,0,0,0,0,0
competence_weighted_last_i2718_epoch3_calibration,suite_stratum,calibration/clear,64,64,64,1.0,64,64,1.0,64,64,1.0,64,64,1.0,64,64,1.0,64,64,1.0,64,64,1.0,64,64,1.0,64,64,1.0,64,64,1.0,64,64,1.0,0,0,,0,64,0.0,0,0,0,0,0,0,0
competence_weighted_last_i2718_epoch3_calibration,suite_stratum,calibration/control_report,64,64,64,1.0,64,64,1.0,64,64,1.0,64,64,1.0,64,64,1.0,64,64,1.0,64,64,1.0,64,64,1.0,64,64,1.0,64,64,1.0,64,64,1.0,0,64,0.0,0,0,,0,0,0,0,0,0,0
competence_weighted_last_i2718_epoch3_calibration,suite_stratum,calibration/trigger_report,64,64,64,1.0,64,64,1.0,64,64,1.0,64,64,1.0,64,64,1.0,64,64,1.0,64,64,1.0,64,64,1.0,64,64,1.0,64,64,1.0,64,64,1.0,0,64,0.0,0,0,,0,0,0,0,0,0,0
competence_uniform_first_i2718_epoch1_calibration,all,all,192,174,192,0.90625,152,192,0.7916666666666666,192,192,1.0,192,192,1.0,152,192,0.7916666666666666,157,192,0.8177083333333334,163,192,0.8489583333333334,192,192,1.0,192,192,1.0,192,192,1.0,192,192,1.0,0,128,0.0,18,64,0.28125,40,0,0,35,29,0,40
competence_uniform_first_i2718_epoch1_calibration,declared_operator,none,192,174,192,0.90625,152,192,0.7916666666666666,192,192,1.0,192,192,1.0,152,192,0.7916666666666666,157,192,0.8177083333333334,163,192,0.8489583333333334,192,192,1.0,192,192,1.0,192,192,1.0,192,192,1.0,0,128,0.0,18,64,0.28125,40,0,0,35,29,0,40
competence_uniform_first_i2718_epoch1_calibration,designated_operator,collapse_issues,42,42,42,1.0,42,42,1.0,42,42,1.0,42,42,1.0,42,42,1.0,42,42,1.0,42,42,1.0,42,42,1.0,42,42,1.0,42,42,1.0,42,42,1.0,0,42,0.0,0,0,,0,0,0,0,0,0,0
competence_uniform_first_i2718_epoch1_calibration,designated_operator,none,64,46,64,0.71875,43,64,0.671875,64,64,1.0,64,64,1.0,43,64,0.671875,48,64,0.75,48,64,0.75,64,64,1.0,64,64,1.0,64,64,1.0,64,64,1.0,0,0,,18,64,0.28125,21,0,0,16,16,0,21
competence_uniform_first_i2718_epoch1_calibration,designated_operator,recent_only,44,44,44,1.0,34,44,0.7727272727272727,44,44,1.0,44,44,1.0,34,44,0.7727272727272727,34,44,0.7727272727272727,36,44,0.8181818181818182,44,44,1.0,44,44,1.0,44,44,1.0,44,44,1.0,0,44,0.0,0,0,,10,0,0,10,8,0,10
competence_uniform_first_i2718_epoch1_calibration,designated_operator,requested_waivers,42,42,42,1.0,33,42,0.7857142857142857,42,42,1.0,42,42,1.0,33,42,0.7857142857142857,33,42,0.7857142857142857,37,42,0.8809523809523809,42,42,1.0,42,42,1.0,42,42,1.0,42,42,1.0,0,42,0.0,0,0,,9,0,0,9,5,0,9
competence_uniform_first_i2718_epoch1_calibration,domain,customer support,24,24,24,1.0,19,24,0.7916666666666666,24,24,1.0,24,24,1.0,19,24,0.7916666666666666,19,24,0.7916666666666666,19,24,0.7916666666666666,24,24,1.0,24,24,1.0,24,24,1.0,24,24,1.0,0,16,0.0,0,8,0.0,5,0,0,5,5,0,5
competence_uniform_first_i2718_epoch1_calibration,domain,data pipeline,24,20,24,0.8333333333333334,18,24,0.75,24,24,1.0,24,24,1.0,18,24,0.75,20,24,0.8333333333333334,21,24,0.875,24,24,1.0,24,24,1.0,24,24,1.0,24,24,1.0,0,16,0.0,4,8,0.5,6,0,0,4,3,0,6
competence_uniform_first_i2718_epoch1_calibration,domain,event operations,24,22,24,0.9166666666666666,18,24,0.75,24,24,1.0,24,24,1.0,18,24,0.75,18,24,0.75,20,24,0.8333333333333334,24,24,1.0,24,24,1.0,24,24,1.0,24,24,1.0,0,16,0.0,2,8,0.25,6,0,0,6,4,0,6
competence_uniform_first_i2718_epoch1_calibration,domain,field survey,24,23,24,0.9583333333333334,20,24,0.8333333333333334,24,24,1.0,24,24,1.0,20,24,0.8333333333333334,21,24,0.875,21,24,0.875,24,24,1.0,24,24,1.0,24,24,1.0,24,24,1.0,0,16,0.0,1,8,0.125,4,0,0,3,3,0,4
competence_uniform_first_i2718_epoch1_calibration,domain,grant administration,24,22,24,0.9166666666666666,20,24,0.8333333333333334,24,24,1.0,24,24,1.0,20,24,0.8333333333333334,21,24,0.875,21,24,0.875,24,24,1.0,24,24,1.0,24,24,1.0,24,24,1.0,0,16,0.0,2,8,0.25,4,0,0,3,3,0,4
competence_uniform_first_i2718_epoch1_calibration,domain,manufacturing quality,24,20,24,0.8333333333333334,20,24,0.8333333333333334,24,24,1.0,24,24,1.0,20,24,0.8333333333333334,20,24,0.8333333333333334,20,24,0.8333333333333334,24,24,1.0,24,24,1.0,24,24,1.0,24,24,1.0,0,16,0.0,4,8,0.5,4,0,0,4,4,0,4
competence_uniform_first_i2718_epoch1_calibration,domain,software release,24,20,24,0.8333333333333334,17,24,0.7083333333333334,24,24,1.0,24,24,1.0,17,24,0.7083333333333334,18,24,0.75,19,24,0.7916666666666666,24,24,1.0,24,24,1.0,24,24,1.0,24,24,1.0,0,16,0.0,4,8,0.5,7,0,0,6,5,0,7
competence_uniform_first_i2718_epoch1_calibration,domain,warehouse dispatch,24,23,24,0.9583333333333334,20,24,0.8333333333333334,24,24,1.0,24,24,1.0,20,24,0.8333333333333334,20,24,0.8333333333333334,22,24,0.9166666666666666,24,24,1.0,24,24,1.0,24,24,1.0,24,24,1.0,0,16,0.0,1,8,0.125,4,0,0,4,2,0,4
competence_uniform_first_i2718_epoch1_calibration,family,all__approved_only__events,24,22,24,0.9166666666666666,22,24,0.9166666666666666,24,24,1.0,24,24,1.0,22,24,0.9166666666666666,24,24,1.0,24,24,1.0,24,24,1.0,24,24,1.0,24,24,1.0,24,24,1.0,0,16,0.0,2,8,0.25,2,0,0,0,0,0,2
competence_uniform_first_i2718_epoch1_calibration,family,all__approved_only__issues,24,21,24,0.875,15,24,0.625,24,24,1.0,24,24,1.0,15,24,0.625,16,24,0.6666666666666666,19,24,0.7916666666666666,24,24,1.0,24,24,1.0,24,24,1.0,24,24,1.0,0,16,0.0,3,8,0.375,9,0,0,8,5,0,9
competence_uniform_first_i2718_epoch1_calibration,family,all__none__events,24,24,24,1.0,24,24,1.0,24,24,1.0,24,24,1.0,24,24,1.0,24,24,1.0,24,24,1.0,24,24,1.0,24,24,1.0,24,24,1.0,24,24,1.0,0,16,0.0,0,8,0.0,0,0,0,0,0,0,0
competence_uniform_first_i2718_epoch1_calibration,family,all__none__issues,24,16,24,0.6666666666666666,8,24,0.3333333333333333,24,24,1.0,24,24,1.0,8,24,0.3333333333333333,9,24,0.375,10,24,0.4166666666666667,24,24,1.0,24,24,1.0,24,24,1.0,24,24,1.0,0,16,0.0,8,8,1.0,16,0,0,15,14,0,16
competence_uniform_first_i2718_epoch1_calibration,family,current__approved_only__events,24,24,24,1.0,24,24,1.0,24,24,1.0,24,24,1.0,24,24,1.0,24,24,1.0,24,24,1.0,24,24,1.0,24,24,1.0,24,24,1.0,24,24,1.0,0,16,0.0,0,8,0.0,0,0,0,0,0,0,0
competence_uniform_first_i2718_epoch1_calibration,family,current__approved_only__issues,24,21,24,0.875,17,24,0.7083333333333334,24,24,1.0,24,24,1.0,17,24,0.7083333333333334,18,24,0.75,19,24,0.7916666666666666,24,24,1.0,24,24,1.0,24,24,1.0,24,24,1.0,0,16,0.0,3,8,0.375,7,0,0,6,5,0,7
competence_uniform_first_i2718_epoch1_calibration,family,current__none__events,24,24,24,1.0,24,24,1.0,24,24,1.0,24,24,1.0,24,24,1.0,24,24,1.0,24,24,1.0,24,24,1.0,24,24,1.0,24,24,1.0,24,24,1.0,0,16,0.0,0,8,0.0,0,0,0,0,0,0,0
competence_uniform_first_i2718_epoch1_calibration,family,current__none__issues,24,22,24,0.9166666666666666,18,24,0.75,24,24,1.0,24,24,1.0,18,24,0.75,18,24,0.75,19,24,0.7916666666666666,24,24,1.0,24,24,1.0,24,24,1.0,24,24,1.0,0,16,0.0,2,8,0.25,6,0,0,6,5,0,6
competence_uniform_first_i2718_epoch1_calibration,stratum,clear,64,46,64,0.71875,43,64,0.671875,64,64,1.0,64,64,1.0,43,64,0.671875,48,64,0.75,48,64,0.75,64,64,1.0,64,64,1.0,64,64,1.0,64,64,1.0,0,0,,18,64,0.28125,21,0,0,16,16,0,21
competence_uniform_first_i2718_epoch1_calibration,stratum,control_report,64,64,64,1.0,51,64,0.796875,64,64,1.0,64,64,1.0,51,64,0.796875,51,64,0.796875,54,64,0.84375,64,64,1.0,64,64,1.0,64,64,1.0,64,64,1.0,0,64,0.0,0,0,,13,0,0,13,10,0,13
competence_uniform_first_i2718_epoch1_calibration,stratum,trigger_report,64,64,64,1.0,58,64,0.90625,64,64,1.0,64,64,1.0,58,64,0.90625,58,64,0.90625,61,64,0.953125,64,64,1.0,64,64,1.0,64,64,1.0,64,64,1.0,0,64,0.0,0,0,,6,0,0,6,3,0,6
competence_uniform_first_i2718_epoch1_calibration,suite,calibration,192,174,192,0.90625,152,192,0.7916666666666666,192,192,1.0,192,192,1.0,152,192,0.7916666666666666,157,192,0.8177083333333334,163,192,0.8489583333333334,192,192,1.0,192,192,1.0,192,192,1.0,192,192,1.0,0,128,0.0,18,64,0.28125,40,0,0,35,29,0,40
competence_uniform_first_i2718_epoch1_calibration,suite_stratum,calibration/clear,64,46,64,0.71875,43,64,0.671875,64,64,1.0,64,64,1.0,43,64,0.671875,48,64,0.75,48,64,0.75,64,64,1.0,64,64,1.0,64,64,1.0,64,64,1.0,0,0,,18,64,0.28125,21,0,0,16,16,0,21
competence_uniform_first_i2718_epoch1_calibration,suite_stratum,calibration/control_report,64,64,64,1.0,51,64,0.796875,64,64,1.0,64,64,1.0,51,64,0.796875,51,64,0.796875,54,64,0.84375,64,64,1.0,64,64,1.0,64,64,1.0,64,64,1.0,0,64,0.0,0,0,,13,0,0,13,10,0,13
competence_uniform_first_i2718_epoch1_calibration,suite_stratum,calibration/trigger_report,64,64,64,1.0,58,64,0.90625,64,64,1.0,64,64,1.0,58,64,0.90625,58,64,0.90625,61,64,0.953125,64,64,1.0,64,64,1.0,64,64,1.0,64,64,1.0,0,64,0.0,0,0,,6,0,0,6,3,0,6
competence_uniform_first_i2718_epoch2_calibration,all,all,192,186,192,0.96875,182,192,0.9479166666666666,192,192,1.0,192,192,1.0,182,192,0.9479166666666666,188,192,0.9791666666666666,189,192,0.984375,192,192,1.0,192,192,1.0,192,192,1.0,192,192,1.0,0,128,0.0,6,64,0.09375,10,0,0,4,3,0,10
competence_uniform_first_i2718_epoch2_calibration,declared_operator,none,192,186,192,0.96875,182,192,0.9479166666666666,192,192,1.0,192,192,1.0,182,192,0.9479166666666666,188,192,0.9791666666666666,189,192,0.984375,192,192,1.0,192,192,1.0,192,192,1.0,192,192,1.0,0,128,0.0,6,64,0.09375,10,0,0,4,3,0,10
competence_uniform_first_i2718_epoch2_calibration,designated_operator,collapse_issues,42,42,42,1.0,42,42,1.0,42,42,1.0,42,42,1.0,42,42,1.0,42,42,1.0,42,42,1.0,42,42,1.0,42,42,1.0,42,42,1.0,42,42,1.0,0,42,0.0,0,0,,0,0,0,0,0,0,0
competence_uniform_first_i2718_epoch2_calibration,designated_operator,none,64,58,64,0.90625,58,64,0.90625,64,64,1.0,64,64,1.0,58,64,0.90625,64,64,1.0,64,64,1.0,64,64,1.0,64,64,1.0,64,64,1.0,64,64,1.0,0,0,,6,64,0.09375,6,0,0,0,0,0,6
competence_uniform_first_i2718_epoch2_calibration,designated_operator,recent_only,44,44,44,1.0,42,44,0.9545454545454546,44,44,1.0,44,44,1.0,42,44,0.9545454545454546,42,44,0.9545454545454546,43,44,0.9772727272727273,44,44,1.0,44,44,1.0,44,44,1.0,44,44,1.0,0,44,0.0,0,0,,2,0,0,2,1,0,2
competence_uniform_first_i2718_epoch2_calibration,designated_operator,requested_waivers,42,42,42,1.0,40,42,0.9523809523809523,42,42,1.0,42,42,1.0,40,42,0.9523809523809523,40,42,0.9523809523809523,40,42,0.9523809523809523,42,42,1.0,42,42,1.0,42,42,1.0,42,42,1.0,0,42,0.0,0,0,,2,0,0,2,2,0,2
competence_uniform_first_i2718_epoch2_calibration,domain,customer support,24,24,24,1.0,23,24,0.9583333333333334,24,24,1.0,24,24,1.0,23,24,0.9583333333333334,23,24,0.9583333333333334,23,24,0.9583333333333334,24,24,1.0,24,24,1.0,24,24,1.0,24,24,1.0,0,16,0.0,0,8,0.0,1,0,0,1,1,0,1
competence_uniform_first_i2718_epoch2_calibration,domain,data pipeline,24,22,24,0.9166666666666666,21,24,0.875,24,24,1.0,24,24,1.0,21,24,0.875,23,24,0.9583333333333334,24,24,1.0,24,24,1.0,24,24,1.0,24,24,1.0,24,24,1.0,0,16,0.0,2,8,0.25,3,0,0,1,0,0,3
competence_uniform_first_i2718_epoch2_calibration,domain,event operations,24,24,24,1.0,24,24,1.0,24,24,1.0,24,24,1.0,24,24,1.0,24,24,1.0,24,24,1.0,24,24,1.0,24,24,1.0,24,24,1.0,24,24,1.0,0,16,0.0,0,8,0.0,0,0,0,0,0,0,0
competence_uniform_first_i2718_epoch2_calibration,domain,field survey,24,23,24,0.9583333333333334,23,24,0.9583333333333334,24,24,1.0,24,24,1.0,23,24,0.9583333333333334,24,24,1.0,24,24,1.0,24,24,1.0,24,24,1.0,24,24,1.0,24,24,1.0,0,16,0.0,1,8,0.125,1,0,0,0,0,0,1
competence_uniform_first_i2718_epoch2_calibration,domain,grant administration,24,22,24,0.9166666666666666,22,24,0.9166666666666666,24,24,1.0,24,24,1.0,22,24,0.9166666666666666,24,24,1.0,24,24,1.0,24,24,1.0,24,24,1.0,24,24,1.0,24,24,1.0,0,16,0.0,2,8,0.25,2,0,0,0,0,0,2
competence_uniform_first_i2718_epoch2_calibration,domain,manufacturing quality,24,24,24,1.0,22,24,0.9166666666666666,24,24,1.0,24,24,1.0,22,24,0.9166666666666666,22,24,0.9166666666666666,22,24,0.9166666666666666,24,24,1.0,24,24,1.0,24,24,1.0,24,24,1.0,0,16,0.0,0,8,0.0,2,0,0,2,2,0,2
competence_uniform_first_i2718_epoch2_calibration,domain,software release,24,23,24,0.9583333333333334,23,24,0.9583333333333334,24,24,1.0,24,24,1.0,23,24,0.9583333333333334,24,24,1.0,24,24,1.0,24,24,1.0,24,24,1.0,24,24,1.0,24,24,1.0,0,16,0.0,1,8,0.125,1,0,0,0,0,0,1
competence_uniform_first_i2718_epoch2_calibration,domain,warehouse dispatch,24,24,24,1.0,24,24,1.0,24,24,1.0,24,24,1.0,24,24,1.0,24,24,1.0,24,24,1.0,24,24,1.0,24,24,1.0,24,24,1.0,24,24,1.0,0,16,0.0,0,8,0.0,0,0,0,0,0,0,0
competence_uniform_first_i2718_epoch2_calibration,family,all__approved_only__events,24,22,24,0.9166666666666666,22,24,0.9166666666666666,24,24,1.0,24,24,1.0,22,24,0.9166666666666666,24,24,1.0,24,24,1.0,24,24,1.0,24,24,1.0,24,24,1.0,24,24,1.0,0,16,0.0,2,8,0.25,2,0,0,0,0,0,2
competence_uniform_first_i2718_epoch2_calibration,family,all__approved_only__issues,24,23,24,0.9583333333333334,21,24,0.875,24,24,1.0,24,24,1.0,21,24,0.875,22,24,0.9166666666666666,22,24,0.9166666666666666,24,24,1.0,24,24,1.0,24,24,1.0,24,24,1.0,0,16,0.0,1,8,0.125,3,0,0,2,2,0,3
competence_uniform_first_i2718_epoch2_calibration,family,all__none__events,24,24,24,1.0,24,24,1.0,24,24,1.0,24,24,1.0,24,24,1.0,24,24,1.0,24,24,1.0,24,24,1.0,24,24,1.0,24,24,1.0,24,24,1.0,0,16,0.0,0,8,0.0,0,0,0,0,0,0,0
competence_uniform_first_i2718_epoch2_calibration,family,all__none__issues,24,23,24,0.9583333333333334,23,24,0.9583333333333334,24,24,1.0,24,24,1.0,23,24,0.9583333333333334,24,24,1.0,24,24,1.0,24,24,1.0,24,24,1.0,24,24,1.0,24,24,1.0,0,16,0.0,1,8,0.125,1,0,0,0,0,0,1
competence_uniform_first_i2718_epoch2_calibration,family,current__approved_only__events,24,24,24,1.0,24,24,1.0,24,24,1.0,24,24,1.0,24,24,1.0,24,24,1.0,24,24,1.0,24,24,1.0,24,24,1.0,24,24,1.0,24,24,1.0,0,16,0.0,0,8,0.0,0,0,0,0,0,0,0
competence_uniform_first_i2718_epoch2_calibration,family,current__approved_only__issues,24,23,24,0.9583333333333334,23,24,0.9583333333333334,24,24,1.0,24,24,1.0,23,24,0.9583333333333334,24,24,1.0,24,24,1.0,24,24,1.0,24,24,1.0,24,24,1.0,24,24,1.0,0,16,0.0,1,8,0.125,1,0,0,0,0,0,1
competence_uniform_first_i2718_epoch2_calibration,family,current__none__events,24,23,24,0.9583333333333334,23,24,0.9583333333333334,24,24,1.0,24,24,1.0,23,24,0.9583333333333334,24,24,1.0,24,24,1.0,24,24,1.0,24,24,1.0,24,24,1.0,24,24,1.0,0,16,0.0,1,8,0.125,1,0,0,0,0,0,1
competence_uniform_first_i2718_epoch2_calibration,family,current__none__issues,24,24,24,1.0,22,24,0.9166666666666666,24,24,1.0,24,24,1.0,22,24,0.9166666666666666,22,24,0.9166666666666666,23,24,0.9583333333333334,24,24,1.0,24,24,1.0,24,24,1.0,24,24,1.0,0,16,0.0,0,8,0.0,2,0,0,2,1,0,2
competence_uniform_first_i2718_epoch2_calibration,stratum,clear,64,58,64,0.90625,58,64,0.90625,64,64,1.0,64,64,1.0,58,64,0.90625,64,64,1.0,64,64,1.0,64,64,1.0,64,64,1.0,64,64,1.0,64,64,1.0,0,0,,6,64,0.09375,6,0,0,0,0,0,6
competence_uniform_first_i2718_epoch2_calibration,stratum,control_report,64,64,64,1.0,62,64,0.96875,64,64,1.0,64,64,1.0,62,64,0.96875,62,64,0.96875,62,64,0.96875,64,64,1.0,64,64,1.0,64,64,1.0,64,64,1.0,0,64,0.0,0,0,,2,0,0,2,2,0,2
competence_uniform_first_i2718_epoch2_calibration,stratum,trigger_report,64,64,64,1.0,62,64,0.96875,64,64,1.0,64,64,1.0,62,64,0.96875,62,64,0.96875,63,64,0.984375,64,64,1.0,64,64,1.0,64,64,1.0,64,64,1.0,0,64,0.0,0,0,,2,0,0,2,1,0,2
competence_uniform_first_i2718_epoch2_calibration,suite,calibration,192,186,192,0.96875,182,192,0.9479166666666666,192,192,1.0,192,192,1.0,182,192,0.9479166666666666,188,192,0.9791666666666666,189,192,0.984375,192,192,1.0,192,192,1.0,192,192,1.0,192,192,1.0,0,128,0.0,6,64,0.09375,10,0,0,4,3,0,10
competence_uniform_first_i2718_epoch2_calibration,suite_stratum,calibration/clear,64,58,64,0.90625,58,64,0.90625,64,64,1.0,64,64,1.0,58,64,0.90625,64,64,1.0,64,64,1.0,64,64,1.0,64,64,1.0,64,64,1.0,64,64,1.0,0,0,,6,64,0.09375,6,0,0,0,0,0,6
competence_uniform_first_i2718_epoch2_calibration,suite_stratum,calibration/control_report,64,64,64,1.0,62,64,0.96875,64,64,1.0,64,64,1.0,62,64,0.96875,62,64,0.96875,62,64,0.96875,64,64,1.0,64,64,1.0,64,64,1.0,64,64,1.0,0,64,0.0,0,0,,2,0,0,2,2,0,2
competence_uniform_first_i2718_epoch2_calibration,suite_stratum,calibration/trigger_report,64,64,64,1.0,62,64,0.96875,64,64,1.0,64,64,1.0,62,64,0.96875,62,64,0.96875,63,64,0.984375,64,64,1.0,64,64,1.0,64,64,1.0,64,64,1.0,0,64,0.0,0,0,,2,0,0,2,1,0,2
competence_uniform_first_i2718_epoch3_calibration,all,all,192,184,192,0.9583333333333334,176,192,0.9166666666666666,192,192,1.0,192,192,1.0,176,192,0.9166666666666666,184,192,0.9583333333333334,184,192,0.9583333333333334,192,192,1.0,192,192,1.0,192,192,1.0,192,192,1.0,0,128,0.0,8,64,0.125,16,0,0,8,8,0,16
competence_uniform_first_i2718_epoch3_calibration,declared_operator,none,192,184,192,0.9583333333333334,176,192,0.9166666666666666,192,192,1.0,192,192,1.0,176,192,0.9166666666666666,184,192,0.9583333333333334,184,192,0.9583333333333334,192,192,1.0,192,192,1.0,192,192,1.0,192,192,1.0,0,128,0.0,8,64,0.125,16,0,0,8,8,0,16
competence_uniform_first_i2718_epoch3_calibration,designated_operator,collapse_issues,42,42,42,1.0,42,42,1.0,42,42,1.0,42,42,1.0,42,42,1.0,42,42,1.0,42,42,1.0,42,42,1.0,42,42,1.0,42,42,1.0,42,42,1.0,0,42,0.0,0,0,,0,0,0,0,0,0,0
competence_uniform_first_i2718_epoch3_calibration,designated_operator,none,64,56,64,0.875,55,64,0.859375,64,64,1.0,64,64,1.0,55,64,0.859375,63,64,0.984375,63,64,0.984375,64,64,1.0,64,64,1.0,64,64,1.0,64,64,1.0,0,0,,8,64,0.125,9,0,0,1,1,0,9
competence_uniform_first_i2718_epoch3_calibration,designated_operator,recent_only,44,44,44,1.0,40,44,0.9090909090909091,44,44,1.0,44,44,1.0,40,44,0.9090909090909091,40,44,0.9090909090909091,40,44,0.9090909090909091,44,44,1.0,44,44,1.0,44,44,1.0,44,44,1.0,0,44,0.0,0,0,,4,0,0,4,4,0,4
competence_uniform_first_i2718_epoch3_calibration,designated_operator,requested_waivers,42,42,42,1.0,39,42,0.9285714285714286,42,42,1.0,42,42,1.0,39,42,0.9285714285714286,39,42,0.9285714285714286,39,42,0.9285714285714286,42,42,1.0,42,42,1.0,42,42,1.0,42,42,1.0,0,42,0.0,0,0,,3,0,0,3,3,0,3
competence_uniform_first_i2718_epoch3_calibration,domain,customer support,24,24,24,1.0,23,24,0.9583333333333334,24,24,1.0,24,24,1.0,23,24,0.9583333333333334,23,24,0.9583333333333334,23,24,0.9583333333333334,24,24,1.0,24,24,1.0,24,24,1.0,24,24,1.0,0,16,0.0,0,8,0.0,1,0,0,1,1,0,1
competence_uniform_first_i2718_epoch3_calibration,domain,data pipeline,24,22,24,0.9166666666666666,20,24,0.8333333333333334,24,24,1.0,24,24,1.0,20,24,0.8333333333333334,22,24,0.9166666666666666,22,24,0.9166666666666666,24,24,1.0,24,24,1.0,24,24,1.0,24,24,1.0,0,16,0.0,2,8,0.25,4,0,0,2,2,0,4
competence_uniform_first_i2718_epoch3_calibration,domain,event operations,24,24,24,1.0,23,24,0.9583333333333334,24,24,1.0,24,24,1.0,23,24,0.9583333333333334,23,24,0.9583333333333334,23,24,0.9583333333333334,24,24,1.0,24,24,1.0,24,24,1.0,24,24,1.0,0,16,0.0,0,8,0.0,1,0,0,1,1,0,1
competence_uniform_first_i2718_epoch3_calibration,domain,field survey,24,23,24,0.9583333333333334,23,24,0.9583333333333334,24,24,1.0,24,24,1.0,23,24,0.9583333333333334,24,24,1.0,24,24,1.0,24,24,1.0,24,24,1.0,24,24,1.0,24,24,1.0,0,16,0.0,1,8,0.125,1,0,0,0,0,0,1
competence_uniform_first_i2718_epoch3_calibration,domain,grant administration,24,22,24,0.9166666666666666,21,24,0.875,24,24,1.0,24,24,1.0,21,24,0.875,23,24,0.9583333333333334,23,24,0.9583333333333334,24,24,1.0,24,24,1.0,24,24,1.0,24,24,1.0,0,16,0.0,2,8,0.25,3,0,0,1,1,0,3
competence_uniform_first_i2718_epoch3_calibration,domain,manufacturing quality,24,24,24,1.0,22,24,0.9166666666666666,24,24,1.0,24,24,1.0,22,24,0.9166666666666666,22,24,0.9166666666666666,22,24,0.9166666666666666,24,24,1.0,24,24,1.0,24,24,1.0,24,24,1.0,0,16,0.0,0,8,0.0,2,0,0,2,2,0,2
competence_uniform_first_i2718_epoch3_calibration,domain,software release,24,23,24,0.9583333333333334,23,24,0.9583333333333334,24,24,1.0,24,24,1.0,23,24,0.9583333333333334,24,24,1.0,24,24,1.0,24,24,1.0,24,24,1.0,24,24,1.0,24,24,1.0,0,16,0.0,1,8,0.125,1,0,0,0,0,0,1
competence_uniform_first_i2718_epoch3_calibration,domain,warehouse dispatch,24,22,24,0.9166666666666666,21,24,0.875,24,24,1.0,24,24,1.0,21,24,0.875,23,24,0.9583333333333334,23,24,0.9583333333333334,24,24,1.0,24,24,1.0,24,24,1.0,24,24,1.0,0,16,0.0,2,8,0.25,3,0,0,1,1,0,3
competence_uniform_first_i2718_epoch3_calibration,family,all__approved_only__events,24,21,24,0.875,21,24,0.875,24,24,1.0,24,24,1.0,21,24,0.875,24,24,1.0,24,24,1.0,24,24,1.0,24,24,1.0,24,24,1.0,24,24,1.0,0,16,0.0,3,8,0.375,3,0,0,0,0,0,3
competence_uniform_first_i2718_epoch3_calibration,family,all__approved_only__issues,24,22,24,0.9166666666666666,21,24,0.875,24,24,1.0,24,24,1.0,21,24,0.875,23,24,0.9583333333333334,23,24,0.9583333333333334,24,24,1.0,24,24,1.0,24,24,1.0,24,24,1.0,0,16,0.0,2,8,0.25,3,0,0,1,1,0,3
competence_uniform_first_i2718_epoch3_calibration,family,all__none__events,24,24,24,1.0,24,24,1.0,24,24,1.0,24,24,1.0,24,24,1.0,24,24,1.0,24,24,1.0,24,24,1.0,24,24,1.0,24,24,1.0,24,24,1.0,0,16,0.0,0,8,0.0,0,0,0,0,0,0,0
competence_uniform_first_i2718_epoch3_calibration,family,all__none__issues,24,23,24,0.9583333333333334,20,24,0.8333333333333334,24,24,1.0,24,24,1.0,20,24,0.8333333333333334,21,24,0.875,21,24,0.875,24,24,1.0,24,24,1.0,24,24,1.0,24,24,1.0,0,16,0.0,1,8,0.125,4,0,0,3,3,0,4
competence_uniform_first_i2718_epoch3_calibration,family,current__approved_only__events,24,24,24,1.0,24,24,1.0,24,24,1.0,24,24,1.0,24,24,1.0,24,24,1.0,24,24,1.0,24,24,1.0,24,24,1.0,24,24,1.0,24,24,1.0,0,16,0.0,0,8,0.0,0,0,0,0,0,0,0
competence_uniform_first_i2718_epoch3_calibration,family,current__approved_only__issues,24,23,24,0.9583333333333334,21,24,0.875,24,24,1.0,24,24,1.0,21,24,0.875,22,24,0.9166666666666666,22,24,0.9166666666666666,24,24,1.0,24,24,1.0,24,24,1.0,24,24,1.0,0,16,0.0,1,8,0.125,3,0,0,2,2,0,3
competence_uniform_first_i2718_epoch3_calibration,family,current__none__events,24,23,24,0.9583333333333334,23,24,0.9583333333333334,24,24,1.0,24,24,1.0,23,24,0.9583333333333334,24,24,1.0,24,24,1.0,24,24,1.0,24,24,1.0,24,24,1.0,24,24,1.0,0,16,0.0,1,8,0.125,1,0,0,0,0,0,1
competence_uniform_first_i2718_epoch3_calibration,family,current__none__issues,24,24,24,1.0,22,24,0.9166666666666666,24,24,1.0,24,24,1.0,22,24,0.9166666666666666,22,24,0.9166666666666666,22,24,0.9166666666666666,24,24,1.0,24,24,1.0,24,24,1.0,24,24,1.0,0,16,0.0,0,8,0.0,2,0,0,2,2,0,2
competence_uniform_first_i2718_epoch3_calibration,stratum,clear,64,56,64,0.875,55,64,0.859375,64,64,1.0,64,64,1.0,55,64,0.859375,63,64,0.984375,63,64,0.984375,64,64,1.0,64,64,1.0,64,64,1.0,64,64,1.0,0,0,,8,64,0.125,9,0,0,1,1,0,9
competence_uniform_first_i2718_epoch3_calibration,stratum,control_report,64,64,64,1.0,61,64,0.953125,64,64,1.0,64,64,1.0,61,64,0.953125,61,64,0.953125,61,64,0.953125,64,64,1.0,64,64,1.0,64,64,1.0,64,64,1.0,0,64,0.0,0,0,,3,0,0,3,3,0,3
competence_uniform_first_i2718_epoch3_calibration,stratum,trigger_report,64,64,64,1.0,60,64,0.9375,64,64,1.0,64,64,1.0,60,64,0.9375,60,64,0.9375,60,64,0.9375,64,64,1.0,64,64,1.0,64,64,1.0,64,64,1.0,0,64,0.0,0,0,,4,0,0,4,4,0,4
competence_uniform_first_i2718_epoch3_calibration,suite,calibration,192,184,192,0.9583333333333334,176,192,0.9166666666666666,192,192,1.0,192,192,1.0,176,192,0.9166666666666666,184,192,0.9583333333333334,184,192,0.9583333333333334,192,192,1.0,192,192,1.0,192,192,1.0,192,192,1.0,0,128,0.0,8,64,0.125,16,0,0,8,8,0,16
competence_uniform_first_i2718_epoch3_calibration,suite_stratum,calibration/clear,64,56,64,0.875,55,64,0.859375,64,64,1.0,64,64,1.0,55,64,0.859375,63,64,0.984375,63,64,0.984375,64,64,1.0,64,64,1.0,64,64,1.0,64,64,1.0,0,0,,8,64,0.125,9,0,0,1,1,0,9
competence_uniform_first_i2718_epoch3_calibration,suite_stratum,calibration/control_report,64,64,64,1.0,61,64,0.953125,64,64,1.0,64,64,1.0,61,64,0.953125,61,64,0.953125,61,64,0.953125,64,64,1.0,64,64,1.0,64,64,1.0,64,64,1.0,0,64,0.0,0,0,,3,0,0,3,3,0,3
competence_uniform_first_i2718_epoch3_calibration,suite_stratum,calibration/trigger_report,64,64,64,1.0,60,64,0.9375,64,64,1.0,64,64,1.0,60,64,0.9375,60,64,0.9375,60,64,0.9375,64,64,1.0,64,64,1.0,64,64,1.0,64,64,1.0,0,64,0.0,0,0,,4,0,0,4,4,0,4
validation_uniform_first_i1729,all,all,384,377,384,0.9817708333333334,369,384,0.9609375,384,384,1.0,384,384,1.0,369,384,0.9609375,374,384,0.9739583333333334,376,384,0.9791666666666666,384,384,1.0,384,384,1.0,384,384,1.0,384,384,1.0,0,256,0.0,7,128,0.0546875,15,0,0,10,8,0,15
validation_uniform_first_i1729,declared_operator,none,384,377,384,0.9817708333333334,369,384,0.9609375,384,384,1.0,384,384,1.0,369,384,0.9609375,374,384,0.9739583333333334,376,384,0.9791666666666666,384,384,1.0,384,384,1.0,384,384,1.0,384,384,1.0,0,256,0.0,7,128,0.0546875,15,0,0,10,8,0,15
validation_uniform_first_i1729,designated_operator,collapse_issues,84,84,84,1.0,83,84,0.9880952380952381,84,84,1.0,84,84,1.0,83,84,0.9880952380952381,83,84,0.9880952380952381,83,84,0.9880952380952381,84,84,1.0,84,84,1.0,84,84,1.0,84,84,1.0,0,84,0.0,0,0,,1,0,0,1,1,0,1
validation_uniform_first_i1729,designated_operator,none,128,121,128,0.9453125,120,128,0.9375,128,128,1.0,128,128,1.0,120,128,0.9375,125,128,0.9765625,125,128,0.9765625,128,128,1.0,128,128,1.0,128,128,1.0,128,128,1.0,0,0,,7,128,0.0546875,8,0,0,3,3,0,8
validation_uniform_first_i1729,designated_operator,recent_only,86,86,86,1.0,81,86,0.9418604651162791,86,86,1.0,86,86,1.0,81,86,0.9418604651162791,81,86,0.9418604651162791,83,86,0.9651162790697675,86,86,1.0,86,86,1.0,86,86,1.0,86,86,1.0,0,86,0.0,0,0,,5,0,0,5,3,0,5
validation_uniform_first_i1729,designated_operator,requested_waivers,86,86,86,1.0,85,86,0.9883720930232558,86,86,1.0,86,86,1.0,85,86,0.9883720930232558,85,86,0.9883720930232558,85,86,0.9883720930232558,86,86,1.0,86,86,1.0,86,86,1.0,86,86,1.0,0,86,0.0,0,0,,1,0,0,1,1,0,1
validation_uniform_first_i1729,domain,customer support,48,46,48,0.9583333333333334,45,48,0.9375,48,48,1.0,48,48,1.0,45,48,0.9375,46,48,0.9583333333333334,46,48,0.9583333333333334,48,48,1.0,48,48,1.0,48,48,1.0,48,48,1.0,0,32,0.0,2,16,0.125,3,0,0,2,2,0,3
validation_uniform_first_i1729,domain,data pipeline,48,48,48,1.0,47,48,0.9791666666666666,48,48,1.0,48,48,1.0,47,48,0.9791666666666666,47,48,0.9791666666666666,48,48,1.0,48,48,1.0,48,48,1.0,48,48,1.0,48,48,1.0,0,32,0.0,0,16,0.0,1,0,0,1,0,0,1
validation_uniform_first_i1729,domain,event operations,48,47,48,0.9791666666666666,45,48,0.9375,48,48,1.0,48,48,1.0,45,48,0.9375,46,48,0.9583333333333334,46,48,0.9583333333333334,48,48,1.0,48,48,1.0,48,48,1.0,48,48,1.0,0,32,0.0,1,16,0.0625,3,0,0,2,2,0,3
validation_uniform_first_i1729,domain,field survey,48,48,48,1.0,47,48,0.9791666666666666,48,48,1.0,48,48,1.0,47,48,0.9791666666666666,47,48,0.9791666666666666,48,48,1.0,48,48,1.0,48,48,1.0,48,48,1.0,48,48,1.0,0,32,0.0,0,16,0.0,1,0,0,1,0,0,1
validation_uniform_first_i1729,domain,grant administration,48,46,48,0.9583333333333334,45,48,0.9375,48,48,1.0,48,48,1.0,45,48,0.9375,46,48,0.9583333333333334,46,48,0.9583333333333334,48,48,1.0,48,48,1.0,48,48,1.0,48,48,1.0,0,32,0.0,2,16,0.125,3,0,0,2,2,0,3
validation_uniform_first_i1729,domain,manufacturing quality,48,47,48,0.9791666666666666,46,48,0.9583333333333334,48,48,1.0,48,48,1.0,46,48,0.9583333333333334,47,48,0.9791666666666666,47,48,0.9791666666666666,48,48,1.0,48,48,1.0,48,48,1.0,48,48,1.0,0,32,0.0,1,16,0.0625,2,0,0,1,1,0,2
validation_uniform_first_i1729,domain,software release,48,48,48,1.0,47,48,0.9791666666666666,48,48,1.0,48,48,1.0,47,48,0.9791666666666666,47,48,0.9791666666666666,47,48,0.9791666666666666,48,48,1.0,48,48,1.0,48,48,1.0,48,48,1.0,0,32,0.0,0,16,0.0,1,0,0,1,1,0,1
validation_uniform_first_i1729,domain,warehouse dispatch,48,47,48,0.9791666666666666,47,48,0.9791666666666666,48,48,1.0,48,48,1.0,47,48,0.9791666666666666,48,48,1.0,48,48,1.0,48,48,1.0,48,48,1.0,48,48,1.0,48,48,1.0,0,32,0.0,1,16,0.0625,1,0,0,0,0,0,1
validation_uniform_first_i1729,family,all__approved_only__events,48,48,48,1.0,48,48,1.0,48,48,1.0,48,48,1.0,48,48,1.0,48,48,1.0,48,48,1.0,48,48,1.0,48,48,1.0,48,48,1.0,48,48,1.0,0,32,0.0,0,16,0.0,0,0,0,0,0,0,0
validation_uniform_first_i1729,family,all__approved_only__issues,48,47,48,0.9791666666666666,47,48,0.9791666666666666,48,48,1.0,48,48,1.0,47,48,0.9791666666666666,48,48,1.0,48,48,1.0,48,48,1.0,48,48,1.0,48,48,1.0,48,48,1.0,0,32,0.0,1,16,0.0625,1,0,0,0,0,0,1
validation_uniform_first_i1729,family,all__none__events,48,48,48,1.0,48,48,1.0,48,48,1.0,48,48,1.0,48,48,1.0,48,48,1.0,48,48,1.0,48,48,1.0,48,48,1.0,48,48,1.0,48,48,1.0,0,32,0.0,0,16,0.0,0,0,0,0,0,0,0
validation_uniform_first_i1729,family,all__none__issues,48,47,48,0.9791666666666666,43,48,0.8958333333333334,48,48,1.0,48,48,1.0,43,48,0.8958333333333334,43,48,0.8958333333333334,45,48,0.9375,48,48,1.0,48,48,1.0,48,48,1.0,48,48,1.0,0,32,0.0,1,16,0.0625,5,0,0,5,3,0,5
validation_uniform_first_i1729,family,current__approved_only__events,48,48,48,1.0,47,48,0.9791666666666666,48,48,1.0,48,48,1.0,47,48,0.9791666666666666,47,48,0.9791666666666666,47,48,0.9791666666666666,48,48,1.0,48,48,1.0,48,48,1.0,48,48,1.0,0,32,0.0,0,16,0.0,1,0,0,1,1,0,1
validation_uniform_first_i1729,family,current__approved_only__issues,48,47,48,0.9791666666666666,46,48,0.9583333333333334,48,48,1.0,48,48,1.0,46,48,0.9583333333333334,46,48,0.9583333333333334,46,48,0.9583333333333334,48,48,1.0,48,48,1.0,48,48,1.0,48,48,1.0,0,32,0.0,1,16,0.0625,2,0,0,2,2,0,2
validation_uniform_first_i1729,family,current__none__events,48,45,48,0.9375,44,48,0.9166666666666666,48,48,1.0,48,48,1.0,44,48,0.9166666666666666,47,48,0.9791666666666666,47,48,0.9791666666666666,48,48,1.0,48,48,1.0,48,48,1.0,48,48,1.0,0,32,0.0,3,16,0.1875,4,0,0,1,1,0,4
validation_uniform_first_i1729,family,current__none__issues,48,47,48,0.9791666666666666,46,48,0.9583333333333334,48,48,1.0,48,48,1.0,46,48,0.9583333333333334,47,48,0.9791666666666666,47,48,0.9791666666666666,48,48,1.0,48,48,1.0,48,48,1.0,48,48,1.0,0,32,0.0,1,16,0.0625,2,0,0,1,1,0,2
validation_uniform_first_i1729,stratum,clear,128,121,128,0.9453125,120,128,0.9375,128,128,1.0,128,128,1.0,120,128,0.9375,125,128,0.9765625,125,128,0.9765625,128,128,1.0,128,128,1.0,128,128,1.0,128,128,1.0,0,0,,7,128,0.0546875,8,0,0,3,3,0,8
validation_uniform_first_i1729,stratum,control_report,128,128,128,1.0,123,128,0.9609375,128,128,1.0,128,128,1.0,123,128,0.9609375,123,128,0.9609375,125,128,0.9765625,128,128,1.0,128,128,1.0,128,128,1.0,128,128,1.0,0,128,0.0,0,0,,5,0,0,5,3,0,5
validation_uniform_first_i1729,stratum,trigger_report,128,128,128,1.0,126,128,0.984375,128,128,1.0,128,128,1.0,126,128,0.984375,126,128,0.984375,126,128,0.984375,128,128,1.0,128,128,1.0,128,128,1.0,128,128,1.0,0,128,0.0,0,0,,2,0,0,2,2,0,2
validation_uniform_first_i1729,suite,validation,384,377,384,0.9817708333333334,369,384,0.9609375,384,384,1.0,384,384,1.0,369,384,0.9609375,374,384,0.9739583333333334,376,384,0.9791666666666666,384,384,1.0,384,384,1.0,384,384,1.0,384,384,1.0,0,256,0.0,7,128,0.0546875,15,0,0,10,8,0,15
validation_uniform_first_i1729,suite_stratum,validation/clear,128,121,128,0.9453125,120,128,0.9375,128,128,1.0,128,128,1.0,120,128,0.9375,125,128,0.9765625,125,128,0.9765625,128,128,1.0,128,128,1.0,128,128,1.0,128,128,1.0,0,0,,7,128,0.0546875,8,0,0,3,3,0,8
validation_uniform_first_i1729,suite_stratum,validation/control_report,128,128,128,1.0,123,128,0.9609375,128,128,1.0,128,128,1.0,123,128,0.9609375,123,128,0.9609375,125,128,0.9765625,128,128,1.0,128,128,1.0,128,128,1.0,128,128,1.0,0,128,0.0,0,0,,5,0,0,5,3,0,5
validation_uniform_first_i1729,suite_stratum,validation/trigger_report,128,128,128,1.0,126,128,0.984375,128,128,1.0,128,128,1.0,126,128,0.984375,126,128,0.984375,126,128,0.984375,128,128,1.0,128,128,1.0,128,128,1.0,128,128,1.0,0,128,0.0,0,0,,2,0,0,2,2,0,2
validation_weighted_first_i1729,all,all,384,381,384,0.9921875,365,384,0.9505208333333334,384,384,1.0,384,384,1.0,365,384,0.9505208333333334,367,384,0.9557291666666666,367,384,0.9557291666666666,384,384,1.0,384,384,1.0,384,384,1.0,384,384,1.0,0,256,0.0,3,128,0.0234375,19,0,0,17,17,0,19
validation_weighted_first_i1729,declared_operator,none,384,381,384,0.9921875,365,384,0.9505208333333334,384,384,1.0,384,384,1.0,365,384,0.9505208333333334,367,384,0.9557291666666666,367,384,0.9557291666666666,384,384,1.0,384,384,1.0,384,384,1.0,384,384,1.0,0,256,0.0,3,128,0.0234375,19,0,0,17,17,0,19
validation_weighted_first_i1729,designated_operator,collapse_issues,84,84,84,1.0,83,84,0.9880952380952381,84,84,1.0,84,84,1.0,83,84,0.9880952380952381,83,84,0.9880952380952381,83,84,0.9880952380952381,84,84,1.0,84,84,1.0,84,84,1.0,84,84,1.0,0,84,0.0,0,0,,1,0,0,1,1,0,1
validation_weighted_first_i1729,designated_operator,none,128,125,128,0.9765625,122,128,0.953125,128,128,1.0,128,128,1.0,122,128,0.953125,124,128,0.96875,124,128,0.96875,128,128,1.0,128,128,1.0,128,128,1.0,128,128,1.0,0,0,,3,128,0.0234375,6,0,0,4,4,0,6
validation_weighted_first_i1729,designated_operator,recent_only,86,86,86,1.0,78,86,0.9069767441860465,86,86,1.0,86,86,1.0,78,86,0.9069767441860465,78,86,0.9069767441860465,78,86,0.9069767441860465,86,86,1.0,86,86,1.0,86,86,1.0,86,86,1.0,0,86,0.0,0,0,,8,0,0,8,8,0,8
validation_weighted_first_i1729,designated_operator,requested_waivers,86,86,86,1.0,82,86,0.9534883720930233,86,86,1.0,86,86,1.0,82,86,0.9534883720930233,82,86,0.9534883720930233,82,86,0.9534883720930233,86,86,1.0,86,86,1.0,86,86,1.0,86,86,1.0,0,86,0.0,0,0,,4,0,0,4,4,0,4
validation_weighted_first_i1729,domain,customer support,48,47,48,0.9791666666666666,43,48,0.8958333333333334,48,48,1.0,48,48,1.0,43,48,0.8958333333333334,44,48,0.9166666666666666,44,48,0.9166666666666666,48,48,1.0,48,48,1.0,48,48,1.0,48,48,1.0,0,32,0.0,1,16,0.0625,5,0,0,4,4,0,5
validation_weighted_first_i1729,domain,data pipeline,48,48,48,1.0,46,48,0.9583333333333334,48,48,1.0,48,48,1.0,46,48,0.9583333333333334,46,48,0.9583333333333334,46,48,0.9583333333333334,48,48,1.0,48,48,1.0,48,48,1.0,48,48,1.0,0,32,0.0,0,16,0.0,2,0,0,2,2,0,2
validation_weighted_first_i1729,domain,event operations,48,48,48,1.0,48,48,1.0,48,48,1.0,48,48,1.0,48,48,1.0,48,48,1.0,48,48,1.0,48,48,1.0,48,48,1.0,48,48,1.0,48,48,1.0,0,32,0.0,0,16,0.0,0,0,0,0,0,0,0
validation_weighted_first_i1729,domain,field survey,48,48,48,1.0,46,48,0.9583333333333334,48,48,1.0,48,48,1.0,46,48,0.9583333333333334,46,48,0.9583333333333334,46,48,0.9583333333333334,48,48,1.0,48,48,1.0,48,48,1.0,48,48,1.0,0,32,0.0,0,16,0.0,2,0,0,2,2,0,2
validation_weighted_first_i1729,domain,grant administration,48,47,48,0.9791666666666666,44,48,0.9166666666666666,48,48,1.0,48,48,1.0,44,48,0.9166666666666666,45,48,0.9375,45,48,0.9375,48,48,1.0,48,48,1.0,48,48,1.0,48,48,1.0,0,32,0.0,1,16,0.0625,4,0,0,3,3,0,4
validation_weighted_first_i1729,domain,manufacturing quality,48,48,48,1.0,47,48,0.9791666666666666,48,48,1.0,48,48,1.0,47,48,0.9791666666666666,47,48,0.9791666666666666,47,48,0.9791666666666666,48,48,1.0,48,48,1.0,48,48,1.0,48,48,1.0,0,32,0.0,0,16,0.0,1,0,0,1,1,0,1
validation_weighted_first_i1729,domain,software release,48,48,48,1.0,47,48,0.9791666666666666,48,48,1.0,48,48,1.0,47,48,0.9791666666666666,47,48,0.9791666666666666,47,48,0.9791666666666666,48,48,1.0,48,48,1.0,48,48,1.0,48,48,1.0,0,32,0.0,0,16,0.0,1,0,0,1,1,0,1
validation_weighted_first_i1729,domain,warehouse dispatch,48,47,48,0.9791666666666666,44,48,0.9166666666666666,48,48,1.0,48,48,1.0,44,48,0.9166666666666666,44,48,0.9166666666666666,44,48,0.9166666666666666,48,48,1.0,48,48,1.0,48,48,1.0,48,48,1.0,0,32,0.0,1,16,0.0625,4,0,0,4,4,0,4
validation_weighted_first_i1729,family,all__approved_only__events,48,48,48,1.0,46,48,0.9583333333333334,48,48,1.0,48,48,1.0,46,48,0.9583333333333334,46,48,0.9583333333333334,46,48,0.9583333333333334,48,48,1.0,48,48,1.0,48,48,1.0,48,48,1.0,0,32,0.0,0,16,0.0,2,0,0,2,2,0,2
validation_weighted_first_i1729,family,all__approved_only__issues,48,47,48,0.9791666666666666,43,48,0.8958333333333334,48,48,1.0,48,48,1.0,43,48,0.8958333333333334,43,48,0.8958333333333334,43,48,0.8958333333333334,48,48,1.0,48,48,1.0,48,48,1.0,48,48,1.0,0,32,0.0,1,16,0.0625,5,0,0,5,5,0,5
validation_weighted_first_i1729,family,all__none__events,48,48,48,1.0,48,48,1.0,48,48,1.0,48,48,1.0,48,48,1.0,48,48,1.0,48,48,1.0,48,48,1.0,48,48,1.0,48,48,1.0,48,48,1.0,0,32,0.0,0,16,0.0,0,0,0,0,0,0,0
validation_weighted_first_i1729,family,all__none__issues,48,48,48,1.0,40,48,0.8333333333333334,48,48,1.0,48,48,1.0,40,48,0.8333333333333334,40,48,0.8333333333333334,40,48,0.8333333333333334,48,48,1.0,48,48,1.0,48,48,1.0,48,48,1.0,0,32,0.0,0,16,0.0,8,0,0,8,8,0,8
validation_weighted_first_i1729,family,current__approved_only__events,48,48,48,1.0,48,48,1.0,48,48,1.0,48,48,1.0,48,48,1.0,48,48,1.0,48,48,1.0,48,48,1.0,48,48,1.0,48,48,1.0,48,48,1.0,0,32,0.0,0,16,0.0,0,0,0,0,0,0,0
validation_weighted_first_i1729,family,current__approved_only__issues,48,48,48,1.0,47,48,0.9791666666666666,48,48,1.0,48,48,1.0,47,48,0.9791666666666666,47,48,0.9791666666666666,47,48,0.9791666666666666,48,48,1.0,48,48,1.0,48,48,1.0,48,48,1.0,0,32,0.0,0,16,0.0,1,0,0,1,1,0,1
validation_weighted_first_i1729,family,current__none__events,48,46,48,0.9583333333333334,46,48,0.9583333333333334,48,48,1.0,48,48,1.0,46,48,0.9583333333333334,48,48,1.0,48,48,1.0,48,48,1.0,48,48,1.0,48,48,1.0,48,48,1.0,0,32,0.0,2,16,0.125,2,0,0,0,0,0,2
validation_weighted_first_i1729,family,current__none__issues,48,48,48,1.0,47,48,0.9791666666666666,48,48,1.0,48,48,1.0,47,48,0.9791666666666666,47,48,0.9791666666666666,47,48,0.9791666666666666,48,48,1.0,48,48,1.0,48,48,1.0,48,48,1.0,0,32,0.0,0,16,0.0,1,0,0,1,1,0,1
validation_weighted_first_i1729,stratum,clear,128,125,128,0.9765625,122,128,0.953125,128,128,1.0,128,128,1.0,122,128,0.953125,124,128,0.96875,124,128,0.96875,128,128,1.0,128,128,1.0,128,128,1.0,128,128,1.0,0,0,,3,128,0.0234375,6,0,0,4,4,0,6
validation_weighted_first_i1729,stratum,control_report,128,128,128,1.0,121,128,0.9453125,128,128,1.0,128,128,1.0,121,128,0.9453125,121,128,0.9453125,121,128,0.9453125,128,128,1.0,128,128,1.0,128,128,1.0,128,128,1.0,0,128,0.0,0,0,,7,0,0,7,7,0,7
validation_weighted_first_i1729,stratum,trigger_report,128,128,128,1.0,122,128,0.953125,128,128,1.0,128,128,1.0,122,128,0.953125,122,128,0.953125,122,128,0.953125,128,128,1.0,128,128,1.0,128,128,1.0,128,128,1.0,0,128,0.0,0,0,,6,0,0,6,6,0,6
validation_weighted_first_i1729,suite,validation,384,381,384,0.9921875,365,384,0.9505208333333334,384,384,1.0,384,384,1.0,365,384,0.9505208333333334,367,384,0.9557291666666666,367,384,0.9557291666666666,384,384,1.0,384,384,1.0,384,384,1.0,384,384,1.0,0,256,0.0,3,128,0.0234375,19,0,0,17,17,0,19
validation_weighted_first_i1729,suite_stratum,validation/clear,128,125,128,0.9765625,122,128,0.953125,128,128,1.0,128,128,1.0,122,128,0.953125,124,128,0.96875,124,128,0.96875,128,128,1.0,128,128,1.0,128,128,1.0,128,128,1.0,0,0,,3,128,0.0234375,6,0,0,4,4,0,6
validation_weighted_first_i1729,suite_stratum,validation/control_report,128,128,128,1.0,121,128,0.9453125,128,128,1.0,128,128,1.0,121,128,0.9453125,121,128,0.9453125,121,128,0.9453125,128,128,1.0,128,128,1.0,128,128,1.0,128,128,1.0,0,128,0.0,0,0,,7,0,0,7,7,0,7
validation_weighted_first_i1729,suite_stratum,validation/trigger_report,128,128,128,1.0,122,128,0.953125,128,128,1.0,128,128,1.0,122,128,0.953125,122,128,0.953125,122,128,0.953125,128,128,1.0,128,128,1.0,128,128,1.0,128,128,1.0,0,128,0.0,0,0,,6,0,0,6,6,0,6
validation_uniform_last_i1729,all,all,384,384,384,1.0,382,384,0.9947916666666666,384,384,1.0,384,384,1.0,382,384,0.9947916666666666,382,384,0.9947916666666666,382,384,0.9947916666666666,384,384,1.0,384,384,1.0,384,384,1.0,384,384,1.0,0,256,0.0,0,128,0.0,2,0,0,2,2,0,2
validation_uniform_last_i1729,declared_operator,none,384,384,384,1.0,382,384,0.9947916666666666,384,384,1.0,384,384,1.0,382,384,0.9947916666666666,382,384,0.9947916666666666,382,384,0.9947916666666666,384,384,1.0,384,384,1.0,384,384,1.0,384,384,1.0,0,256,0.0,0,128,0.0,2,0,0,2,2,0,2
validation_uniform_last_i1729,designated_operator,collapse_issues,84,84,84,1.0,84,84,1.0,84,84,1.0,84,84,1.0,84,84,1.0,84,84,1.0,84,84,1.0,84,84,1.0,84,84,1.0,84,84,1.0,84,84,1.0,0,84,0.0,0,0,,0,0,0,0,0,0,0
validation_uniform_last_i1729,designated_operator,none,128,128,128,1.0,126,128,0.984375,128,128,1.0,128,128,1.0,126,128,0.984375,126,128,0.984375,126,128,0.984375,128,128,1.0,128,128,1.0,128,128,1.0,128,128,1.0,0,0,,0,128,0.0,2,0,0,2,2,0,2
validation_uniform_last_i1729,designated_operator,recent_only,86,86,86,1.0,86,86,1.0,86,86,1.0,86,86,1.0,86,86,1.0,86,86,1.0,86,86,1.0,86,86,1.0,86,86,1.0,86,86,1.0,86,86,1.0,0,86,0.0,0,0,,0,0,0,0,0,0,0
validation_uniform_last_i1729,designated_operator,requested_waivers,86,86,86,1.0,86,86,1.0,86,86,1.0,86,86,1.0,86,86,1.0,86,86,1.0,86,86,1.0,86,86,1.0,86,86,1.0,86,86,1.0,86,86,1.0,0,86,0.0,0,0,,0,0,0,0,0,0,0
validation_uniform_last_i1729,domain,customer support,48,48,48,1.0,48,48,1.0,48,48,1.0,48,48,1.0,48,48,1.0,48,48,1.0,48,48,1.0,48,48,1.0,48,48,1.0,48,48,1.0,48,48,1.0,0,32,0.0,0,16,0.0,0,0,0,0,0,0,0
validation_uniform_last_i1729,domain,data pipeline,48,48,48,1.0,48,48,1.0,48,48,1.0,48,48,1.0,48,48,1.0,48,48,1.0,48,48,1.0,48,48,1.0,48,48,1.0,48,48,1.0,48,48,1.0,0,32,0.0,0,16,0.0,0,0,0,0,0,0,0
validation_uniform_last_i1729,domain,event operations,48,48,48,1.0,46,48,0.9583333333333334,48,48,1.0,48,48,1.0,46,48,0.9583333333333334,46,48,0.9583333333333334,46,48,0.9583333333333334,48,48,1.0,48,48,1.0,48,48,1.0,48,48,1.0,0,32,0.0,0,16,0.0,2,0,0,2,2,0,2
validation_uniform_last_i1729,domain,field survey,48,48,48,1.0,48,48,1.0,48,48,1.0,48,48,1.0,48,48,1.0,48,48,1.0,48,48,1.0,48,48,1.0,48,48,1.0,48,48,1.0,48,48,1.0,0,32,0.0,0,16,0.0,0,0,0,0,0,0,0
validation_uniform_last_i1729,domain,grant administration,48,48,48,1.0,48,48,1.0,48,48,1.0,48,48,1.0,48,48,1.0,48,48,1.0,48,48,1.0,48,48,1.0,48,48,1.0,48,48,1.0,48,48,1.0,0,32,0.0,0,16,0.0,0,0,0,0,0,0,0
validation_uniform_last_i1729,domain,manufacturing quality,48,48,48,1.0,48,48,1.0,48,48,1.0,48,48,1.0,48,48,1.0,48,48,1.0,48,48,1.0,48,48,1.0,48,48,1.0,48,48,1.0,48,48,1.0,0,32,0.0,0,16,0.0,0,0,0,0,0,0,0
validation_uniform_last_i1729,domain,software release,48,48,48,1.0,48,48,1.0,48,48,1.0,48,48,1.0,48,48,1.0,48,48,1.0,48,48,1.0,48,48,1.0,48,48,1.0,48,48,1.0,48,48,1.0,0,32,0.0,0,16,0.0,0,0,0,0,0,0,0
validation_uniform_last_i1729,domain,warehouse dispatch,48,48,48,1.0,48,48,1.0,48,48,1.0,48,48,1.0,48,48,1.0,48,48,1.0,48,48,1.0,48,48,1.0,48,48,1.0,48,48,1.0,48,48,1.0,0,32,0.0,0,16,0.0,0,0,0,0,0,0,0
validation_uniform_last_i1729,family,all__approved_only__events,48,48,48,1.0,48,48,1.0,48,48,1.0,48,48,1.0,48,48,1.0,48,48,1.0,48,48,1.0,48,48,1.0,48,48,1.0,48,48,1.0,48,48,1.0,0,32,0.0,0,16,0.0,0,0,0,0,0,0,0
validation_uniform_last_i1729,family,all__approved_only__issues,48,48,48,1.0,48,48,1.0,48,48,1.0,48,48,1.0,48,48,1.0,48,48,1.0,48,48,1.0,48,48,1.0,48,48,1.0,48,48,1.0,48,48,1.0,0,32,0.0,0,16,0.0,0,0,0,0,0,0,0
validation_uniform_last_i1729,family,all__none__events,48,48,48,1.0,48,48,1.0,48,48,1.0,48,48,1.0,48,48,1.0,48,48,1.0,48,48,1.0,48,48,1.0,48,48,1.0,48,48,1.0,48,48,1.0,0,32,0.0,0,16,0.0,0,0,0,0,0,0,0
validation_uniform_last_i1729,family,all__none__issues,48,48,48,1.0,48,48,1.0,48,48,1.0,48,48,1.0,48,48,1.0,48,48,1.0,48,48,1.0,48,48,1.0,48,48,1.0,48,48,1.0,48,48,1.0,0,32,0.0,0,16,0.0,0,0,0,0,0,0,0
validation_uniform_last_i1729,family,current__approved_only__events,48,48,48,1.0,48,48,1.0,48,48,1.0,48,48,1.0,48,48,1.0,48,48,1.0,48,48,1.0,48,48,1.0,48,48,1.0,48,48,1.0,48,48,1.0,0,32,0.0,0,16,0.0,0,0,0,0,0,0,0
validation_uniform_last_i1729,family,current__approved_only__issues,48,48,48,1.0,48,48,1.0,48,48,1.0,48,48,1.0,48,48,1.0,48,48,1.0,48,48,1.0,48,48,1.0,48,48,1.0,48,48,1.0,48,48,1.0,0,32,0.0,0,16,0.0,0,0,0,0,0,0,0
validation_uniform_last_i1729,family,current__none__events,48,48,48,1.0,47,48,0.9791666666666666,48,48,1.0,48,48,1.0,47,48,0.9791666666666666,47,48,0.9791666666666666,47,48,0.9791666666666666,48,48,1.0,48,48,1.0,48,48,1.0,48,48,1.0,0,32,0.0,0,16,0.0,1,0,0,1,1,0,1
validation_uniform_last_i1729,family,current__none__issues,48,48,48,1.0,47,48,0.9791666666666666,48,48,1.0,48,48,1.0,47,48,0.9791666666666666,47,48,0.9791666666666666,47,48,0.9791666666666666,48,48,1.0,48,48,1.0,48,48,1.0,48,48,1.0,0,32,0.0,0,16,0.0,1,0,0,1,1,0,1
validation_uniform_last_i1729,stratum,clear,128,128,128,1.0,126,128,0.984375,128,128,1.0,128,128,1.0,126,128,0.984375,126,128,0.984375,126,128,0.984375,128,128,1.0,128,128,1.0,128,128,1.0,128,128,1.0,0,0,,0,128,0.0,2,0,0,2,2,0,2
validation_uniform_last_i1729,stratum,control_report,128,128,128,1.0,128,128,1.0,128,128,1.0,128,128,1.0,128,128,1.0,128,128,1.0,128,128,1.0,128,128,1.0,128,128,1.0,128,128,1.0,128,128,1.0,0,128,0.0,0,0,,0,0,0,0,0,0,0
validation_uniform_last_i1729,stratum,trigger_report,128,128,128,1.0,128,128,1.0,128,128,1.0,128,128,1.0,128,128,1.0,128,128,1.0,128,128,1.0,128,128,1.0,128,128,1.0,128,128,1.0,128,128,1.0,0,128,0.0,0,0,,0,0,0,0,0,0,0
validation_uniform_last_i1729,suite,validation,384,384,384,1.0,382,384,0.9947916666666666,384,384,1.0,384,384,1.0,382,384,0.9947916666666666,382,384,0.9947916666666666,382,384,0.9947916666666666,384,384,1.0,384,384,1.0,384,384,1.0,384,384,1.0,0,256,0.0,0,128,0.0,2,0,0,2,2,0,2
validation_uniform_last_i1729,suite_stratum,validation/clear,128,128,128,1.0,126,128,0.984375,128,128,1.0,128,128,1.0,126,128,0.984375,126,128,0.984375,126,128,0.984375,128,128,1.0,128,128,1.0,128,128,1.0,128,128,1.0,0,0,,0,128,0.0,2,0,0,2,2,0,2
validation_uniform_last_i1729,suite_stratum,validation/control_report,128,128,128,1.0,128,128,1.0,128,128,1.0,128,128,1.0,128,128,1.0,128,128,1.0,128,128,1.0,128,128,1.0,128,128,1.0,128,128,1.0,128,128,1.0,0,128,0.0,0,0,,0,0,0,0,0,0,0
validation_uniform_last_i1729,suite_stratum,validation/trigger_report,128,128,128,1.0,128,128,1.0,128,128,1.0,128,128,1.0,128,128,1.0,128,128,1.0,128,128,1.0,128,128,1.0,128,128,1.0,128,128,1.0,128,128,1.0,0,128,0.0,0,0,,0,0,0,0,0,0,0
validation_weighted_last_i1729,all,all,384,383,384,0.9973958333333334,380,384,0.9895833333333334,384,384,1.0,384,384,1.0,380,384,0.9895833333333334,380,384,0.9895833333333334,380,384,0.9895833333333334,384,384,1.0,384,384,1.0,384,384,1.0,384,384,1.0,1,256,0.00390625,0,128,0.0,4,0,0,4,4,0,4
validation_weighted_last_i1729,declared_operator,none,384,383,384,0.9973958333333334,380,384,0.9895833333333334,384,384,1.0,384,384,1.0,380,384,0.9895833333333334,380,384,0.9895833333333334,380,384,0.9895833333333334,384,384,1.0,384,384,1.0,384,384,1.0,384,384,1.0,1,256,0.00390625,0,128,0.0,4,0,0,4,4,0,4
validation_weighted_last_i1729,designated_operator,collapse_issues,84,83,84,0.9880952380952381,81,84,0.9642857142857143,84,84,1.0,84,84,1.0,81,84,0.9642857142857143,81,84,0.9642857142857143,81,84,0.9642857142857143,84,84,1.0,84,84,1.0,84,84,1.0,84,84,1.0,1,84,0.011904761904761904,0,0,,3,0,0,3,3,0,3
validation_weighted_last_i1729,designated_operator,none,128,128,128,1.0,127,128,0.9921875,128,128,1.0,128,128,1.0,127,128,0.9921875,127,128,0.9921875,127,128,0.9921875,128,128,1.0,128,128,1.0,128,128,1.0,128,128,1.0,0,0,,0,128,0.0,1,0,0,1,1,0,1
validation_weighted_last_i1729,designated_operator,recent_only,86,86,86,1.0,86,86,1.0,86,86,1.0,86,86,1.0,86,86,1.0,86,86,1.0,86,86,1.0,86,86,1.0,86,86,1.0,86,86,1.0,86,86,1.0,0,86,0.0,0,0,,0,0,0,0,0,0,0
validation_weighted_last_i1729,designated_operator,requested_waivers,86,86,86,1.0,86,86,1.0,86,86,1.0,86,86,1.0,86,86,1.0,86,86,1.0,86,86,1.0,86,86,1.0,86,86,1.0,86,86,1.0,86,86,1.0,0,86,0.0,0,0,,0,0,0,0,0,0,0
validation_weighted_last_i1729,domain,customer support,48,48,48,1.0,47,48,0.9791666666666666,48,48,1.0,48,48,1.0,47,48,0.9791666666666666,47,48,0.9791666666666666,47,48,0.9791666666666666,48,48,1.0,48,48,1.0,48,48,1.0,48,48,1.0,0,32,0.0,0,16,0.0,1,0,0,1,1,0,1
validation_weighted_last_i1729,domain,data pipeline,48,48,48,1.0,48,48,1.0,48,48,1.0,48,48,1.0,48,48,1.0,48,48,1.0,48,48,1.0,48,48,1.0,48,48,1.0,48,48,1.0,48,48,1.0,0,32,0.0,0,16,0.0,0,0,0,0,0,0,0
validation_weighted_last_i1729,domain,event operations,48,48,48,1.0,47,48,0.9791666666666666,48,48,1.0,48,48,1.0,47,48,0.9791666666666666,47,48,0.9791666666666666,47,48,0.9791666666666666,48,48,1.0,48,48,1.0,48,48,1.0,48,48,1.0,0,32,0.0,0,16,0.0,1,0,0,1,1,0,1
validation_weighted_last_i1729,domain,field survey,48,48,48,1.0,48,48,1.0,48,48,1.0,48,48,1.0,48,48,1.0,48,48,1.0,48,48,1.0,48,48,1.0,48,48,1.0,48,48,1.0,48,48,1.0,0,32,0.0,0,16,0.0,0,0,0,0,0,0,0
validation_weighted_last_i1729,domain,grant administration,48,48,48,1.0,48,48,1.0,48,48,1.0,48,48,1.0,48,48,1.0,48,48,1.0,48,48,1.0,48,48,1.0,48,48,1.0,48,48,1.0,48,48,1.0,0,32,0.0,0,16,0.0,0,0,0,0,0,0,0
validation_weighted_last_i1729,domain,manufacturing quality,48,48,48,1.0,48,48,1.0,48,48,1.0,48,48,1.0,48,48,1.0,48,48,1.0,48,48,1.0,48,48,1.0,48,48,1.0,48,48,1.0,48,48,1.0,0,32,0.0,0,16,0.0,0,0,0,0,0,0,0
validation_weighted_last_i1729,domain,software release,48,48,48,1.0,48,48,1.0,48,48,1.0,48,48,1.0,48,48,1.0,48,48,1.0,48,48,1.0,48,48,1.0,48,48,1.0,48,48,1.0,48,48,1.0,0,32,0.0,0,16,0.0,0,0,0,0,0,0,0
validation_weighted_last_i1729,domain,warehouse dispatch,48,47,48,0.9791666666666666,46,48,0.9583333333333334,48,48,1.0,48,48,1.0,46,48,0.9583333333333334,46,48,0.9583333333333334,46,48,0.9583333333333334,48,48,1.0,48,48,1.0,48,48,1.0,48,48,1.0,1,32,0.03125,0,16,0.0,2,0,0,2,2,0,2
validation_weighted_last_i1729,family,all__approved_only__events,48,48,48,1.0,47,48,0.9791666666666666,48,48,1.0,48,48,1.0,47,48,0.9791666666666666,47,48,0.9791666666666666,47,48,0.9791666666666666,48,48,1.0,48,48,1.0,48,48,1.0,48,48,1.0,0,32,0.0,0,16,0.0,1,0,0,1,1,0,1
validation_weighted_last_i1729,family,all__approved_only__issues,48,48,48,1.0,48,48,1.0,48,48,1.0,48,48,1.0,48,48,1.0,48,48,1.0,48,48,1.0,48,48,1.0,48,48,1.0,48,48,1.0,48,48,1.0,0,32,0.0,0,16,0.0,0,0,0,0,0,0,0
validation_weighted_last_i1729,family,all__none__events,48,48,48,1.0,48,48,1.0,48,48,1.0,48,48,1.0,48,48,1.0,48,48,1.0,48,48,1.0,48,48,1.0,48,48,1.0,48,48,1.0,48,48,1.0,0,32,0.0,0,16,0.0,0,0,0,0,0,0,0
validation_weighted_last_i1729,family,all__none__issues,48,48,48,1.0,48,48,1.0,48,48,1.0,48,48,1.0,48,48,1.0,48,48,1.0,48,48,1.0,48,48,1.0,48,48,1.0,48,48,1.0,48,48,1.0,0,32,0.0,0,16,0.0,0,0,0,0,0,0,0
validation_weighted_last_i1729,family,current__approved_only__events,48,48,48,1.0,48,48,1.0,48,48,1.0,48,48,1.0,48,48,1.0,48,48,1.0,48,48,1.0,48,48,1.0,48,48,1.0,48,48,1.0,48,48,1.0,0,32,0.0,0,16,0.0,0,0,0,0,0,0,0
validation_weighted_last_i1729,family,current__approved_only__issues,48,48,48,1.0,48,48,1.0,48,48,1.0,48,48,1.0,48,48,1.0,48,48,1.0,48,48,1.0,48,48,1.0,48,48,1.0,48,48,1.0,48,48,1.0,0,32,0.0,0,16,0.0,0,0,0,0,0,0,0
validation_weighted_last_i1729,family,current__none__events,48,47,48,0.9791666666666666,46,48,0.9583333333333334,48,48,1.0,48,48,1.0,46,48,0.9583333333333334,46,48,0.9583333333333334,46,48,0.9583333333333334,48,48,1.0,48,48,1.0,48,48,1.0,48,48,1.0,1,32,0.03125,0,16,0.0,2,0,0,2,2,0,2
validation_weighted_last_i1729,family,current__none__issues,48,48,48,1.0,47,48,0.9791666666666666,48,48,1.0,48,48,1.0,47,48,0.9791666666666666,47,48,0.9791666666666666,47,48,0.9791666666666666,48,48,1.0,48,48,1.0,48,48,1.0,48,48,1.0,0,32,0.0,0,16,0.0,1,0,0,1,1,0,1
validation_weighted_last_i1729,stratum,clear,128,128,128,1.0,127,128,0.9921875,128,128,1.0,128,128,1.0,127,128,0.9921875,127,128,0.9921875,127,128,0.9921875,128,128,1.0,128,128,1.0,128,128,1.0,128,128,1.0,0,0,,0,128,0.0,1,0,0,1,1,0,1
validation_weighted_last_i1729,stratum,control_report,128,128,128,1.0,128,128,1.0,128,128,1.0,128,128,1.0,128,128,1.0,128,128,1.0,128,128,1.0,128,128,1.0,128,128,1.0,128,128,1.0,128,128,1.0,0,128,0.0,0,0,,0,0,0,0,0,0,0
validation_weighted_last_i1729,stratum,trigger_report,128,127,128,0.9921875,125,128,0.9765625,128,128,1.0,128,128,1.0,125,128,0.9765625,125,128,0.9765625,125,128,0.9765625,128,128,1.0,128,128,1.0,128,128,1.0,128,128,1.0,1,128,0.0078125,0,0,,3,0,0,3,3,0,3
validation_weighted_last_i1729,suite,validation,384,383,384,0.9973958333333334,380,384,0.9895833333333334,384,384,1.0,384,384,1.0,380,384,0.9895833333333334,380,384,0.9895833333333334,380,384,0.9895833333333334,384,384,1.0,384,384,1.0,384,384,1.0,384,384,1.0,1,256,0.00390625,0,128,0.0,4,0,0,4,4,0,4
validation_weighted_last_i1729,suite_stratum,validation/clear,128,128,128,1.0,127,128,0.9921875,128,128,1.0,128,128,1.0,127,128,0.9921875,127,128,0.9921875,127,128,0.9921875,128,128,1.0,128,128,1.0,128,128,1.0,128,128,1.0,0,0,,0,128,0.0,1,0,0,1,1,0,1
validation_weighted_last_i1729,suite_stratum,validation/control_report,128,128,128,1.0,128,128,1.0,128,128,1.0,128,128,1.0,128,128,1.0,128,128,1.0,128,128,1.0,128,128,1.0,128,128,1.0,128,128,1.0,128,128,1.0,0,128,0.0,0,0,,0,0,0,0,0,0,0
validation_weighted_last_i1729,suite_stratum,validation/trigger_report,128,127,128,0.9921875,125,128,0.9765625,128,128,1.0,128,128,1.0,125,128,0.9765625,125,128,0.9765625,125,128,0.9765625,128,128,1.0,128,128,1.0,128,128,1.0,128,128,1.0,1,128,0.0078125,0,0,,3,0,0,3,3,0,3
validation_weighted_first_i2718,all,all,384,376,384,0.9791666666666666,366,384,0.953125,384,384,1.0,384,384,1.0,366,384,0.953125,374,384,0.9739583333333334,374,384,0.9739583333333334,384,384,1.0,384,384,1.0,384,384,1.0,384,384,1.0,0,256,0.0,8,128,0.0625,18,0,0,10,10,0,18
validation_weighted_first_i2718,declared_operator,none,384,376,384,0.9791666666666666,366,384,0.953125,384,384,1.0,384,384,1.0,366,384,0.953125,374,384,0.9739583333333334,374,384,0.9739583333333334,384,384,1.0,384,384,1.0,384,384,1.0,384,384,1.0,0,256,0.0,8,128,0.0625,18,0,0,10,10,0,18
validation_weighted_first_i2718,designated_operator,collapse_issues,84,84,84,1.0,82,84,0.9761904761904762,84,84,1.0,84,84,1.0,82,84,0.9761904761904762,82,84,0.9761904761904762,82,84,0.9761904761904762,84,84,1.0,84,84,1.0,84,84,1.0,84,84,1.0,0,84,0.0,0,0,,2,0,0,2,2,0,2
validation_weighted_first_i2718,designated_operator,none,128,120,128,0.9375,118,128,0.921875,128,128,1.0,128,128,1.0,118,128,0.921875,126,128,0.984375,126,128,0.984375,128,128,1.0,128,128,1.0,128,128,1.0,128,128,1.0,0,0,,8,128,0.0625,10,0,0,2,2,0,10
validation_weighted_first_i2718,designated_operator,recent_only,86,86,86,1.0,80,86,0.9302325581395349,86,86,1.0,86,86,1.0,80,86,0.9302325581395349,80,86,0.9302325581395349,80,86,0.9302325581395349,86,86,1.0,86,86,1.0,86,86,1.0,86,86,1.0,0,86,0.0,0,0,,6,0,0,6,6,0,6
validation_weighted_first_i2718,designated_operator,requested_waivers,86,86,86,1.0,86,86,1.0,86,86,1.0,86,86,1.0,86,86,1.0,86,86,1.0,86,86,1.0,86,86,1.0,86,86,1.0,86,86,1.0,86,86,1.0,0,86,0.0,0,0,,0,0,0,0,0,0,0
validation_weighted_first_i2718,domain,customer support,48,46,48,0.9583333333333334,44,48,0.9166666666666666,48,48,1.0,48,48,1.0,44,48,0.9166666666666666,46,48,0.9583333333333334,46,48,0.9583333333333334,48,48,1.0,48,48,1.0,48,48,1.0,48,48,1.0,0,32,0.0,2,16,0.125,4,0,0,2,2,0,4
validation_weighted_first_i2718,domain,data pipeline,48,48,48,1.0,48,48,1.0,48,48,1.0,48,48,1.0,48,48,1.0,48,48,1.0,48,48,1.0,48,48,1.0,48,48,1.0,48,48,1.0,48,48,1.0,0,32,0.0,0,16,0.0,0,0,0,0,0,0,0
validation_weighted_first_i2718,domain,event operations,48,47,48,0.9791666666666666,47,48,0.9791666666666666,48,48,1.0,48,48,1.0,47,48,0.9791666666666666,48,48,1.0,48,48,1.0,48,48,1.0,48,48,1.0,48,48,1.0,48,48,1.0,0,32,0.0,1,16,0.0625,1,0,0,0,0,0,1
validation_weighted_first_i2718,domain,field survey,48,47,48,0.9791666666666666,46,48,0.9583333333333334,48,48,1.0,48,48,1.0,46,48,0.9583333333333334,47,48,0.9791666666666666,47,48,0.9791666666666666,48,48,1.0,48,48,1.0,48,48,1.0,48,48,1.0,0,32,0.0,1,16,0.0625,2,0,0,1,1,0,2
validation_weighted_first_i2718,domain,grant administration,48,46,48,0.9583333333333334,46,48,0.9583333333333334,48,48,1.0,48,48,1.0,46,48,0.9583333333333334,48,48,1.0,48,48,1.0,48,48,1.0,48,48,1.0,48,48,1.0,48,48,1.0,0,32,0.0,2,16,0.125,2,0,0,0,0,0,2
validation_weighted_first_i2718,domain,manufacturing quality,48,48,48,1.0,46,48,0.9583333333333334,48,48,1.0,48,48,1.0,46,48,0.9583333333333334,46,48,0.9583333333333334,46,48,0.9583333333333334,48,48,1.0,48,48,1.0,48,48,1.0,48,48,1.0,0,32,0.0,0,16,0.0,2,0,0,2,2,0,2
validation_weighted_first_i2718,domain,software release,48,47,48,0.9791666666666666,45,48,0.9375,48,48,1.0,48,48,1.0,45,48,0.9375,46,48,0.9583333333333334,46,48,0.9583333333333334,48,48,1.0,48,48,1.0,48,48,1.0,48,48,1.0,0,32,0.0,1,16,0.0625,3,0,0,2,2,0,3
validation_weighted_first_i2718,domain,warehouse dispatch,48,47,48,0.9791666666666666,44,48,0.9166666666666666,48,48,1.0,48,48,1.0,44,48,0.9166666666666666,45,48,0.9375,45,48,0.9375,48,48,1.0,48,48,1.0,48,48,1.0,48,48,1.0,0,32,0.0,1,16,0.0625,4,0,0,3,3,0,4
validation_weighted_first_i2718,family,all__approved_only__events,48,47,48,0.9791666666666666,46,48,0.9583333333333334,48,48,1.0,48,48,1.0,46,48,0.9583333333333334,47,48,0.9791666666666666,47,48,0.9791666666666666,48,48,1.0,48,48,1.0,48,48,1.0,48,48,1.0,0,32,0.0,1,16,0.0625,2,0,0,1,1,0,2
validation_weighted_first_i2718,family,all__approved_only__issues,48,45,48,0.9375,45,48,0.9375,48,48,1.0,48,48,1.0,45,48,0.9375,48,48,1.0,48,48,1.0,48,48,1.0,48,48,1.0,48,48,1.0,48,48,1.0,0,32,0.0,3,16,0.1875,3,0,0,0,0,0,3
validation_weighted_first_i2718,family,all__none__events,48,47,48,0.9791666666666666,46,48,0.9583333333333334,48,48,1.0,48,48,1.0,46,48,0.9583333333333334,47,48,0.9791666666666666,47,48,0.9791666666666666,48,48,1.0,48,48,1.0,48,48,1.0,48,48,1.0,0,32,0.0,1,16,0.0625,2,0,0,1,1,0,2
validation_weighted_first_i2718,family,all__none__issues,48,47,48,0.9791666666666666,44,48,0.9166666666666666,48,48,1.0,48,48,1.0,44,48,0.9166666666666666,45,48,0.9375,45,48,0.9375,48,48,1.0,48,48,1.0,48,48,1.0,48,48,1.0,0,32,0.0,1,16,0.0625,4,0,0,3,3,0,4
validation_weighted_first_i2718,family,current__approved_only__events,48,48,48,1.0,46,48,0.9583333333333334,48,48,1.0,48,48,1.0,46,48,0.9583333333333334,46,48,0.9583333333333334,46,48,0.9583333333333334,48,48,1.0,48,48,1.0,48,48,1.0,48,48,1.0,0,32,0.0,0,16,0.0,2,0,0,2,2,0,2
validation_weighted_first_i2718,family,current__approved_only__issues,48,48,48,1.0,47,48,0.9791666666666666,48,48,1.0,48,48,1.0,47,48,0.9791666666666666,47,48,0.9791666666666666,47,48,0.9791666666666666,48,48,1.0,48,48,1.0,48,48,1.0,48,48,1.0,0,32,0.0,0,16,0.0,1,0,0,1,1,0,1
validation_weighted_first_i2718,family,current__none__events,48,46,48,0.9583333333333334,45,48,0.9375,48,48,1.0,48,48,1.0,45,48,0.9375,47,48,0.9791666666666666,47,48,0.9791666666666666,48,48,1.0,48,48,1.0,48,48,1.0,48,48,1.0,0,32,0.0,2,16,0.125,3,0,0,1,1,0,3
validation_weighted_first_i2718,family,current__none__issues,48,48,48,1.0,47,48,0.9791666666666666,48,48,1.0,48,48,1.0,47,48,0.9791666666666666,47,48,0.9791666666666666,47,48,0.9791666666666666,48,48,1.0,48,48,1.0,48,48,1.0,48,48,1.0,0,32,0.0,0,16,0.0,1,0,0,1,1,0,1
validation_weighted_first_i2718,stratum,clear,128,120,128,0.9375,118,128,0.921875,128,128,1.0,128,128,1.0,118,128,0.921875,126,128,0.984375,126,128,0.984375,128,128,1.0,128,128,1.0,128,128,1.0,128,128,1.0,0,0,,8,128,0.0625,10,0,0,2,2,0,10
validation_weighted_first_i2718,stratum,control_report,128,128,128,1.0,124,128,0.96875,128,128,1.0,128,128,1.0,124,128,0.96875,124,128,0.96875,124,128,0.96875,128,128,1.0,128,128,1.0,128,128,1.0,128,128,1.0,0,128,0.0,0,0,,4,0,0,4,4,0,4
validation_weighted_first_i2718,stratum,trigger_report,128,128,128,1.0,124,128,0.96875,128,128,1.0,128,128,1.0,124,128,0.96875,124,128,0.96875,124,128,0.96875,128,128,1.0,128,128,1.0,128,128,1.0,128,128,1.0,0,128,0.0,0,0,,4,0,0,4,4,0,4
validation_weighted_first_i2718,suite,validation,384,376,384,0.9791666666666666,366,384,0.953125,384,384,1.0,384,384,1.0,366,384,0.953125,374,384,0.9739583333333334,374,384,0.9739583333333334,384,384,1.0,384,384,1.0,384,384,1.0,384,384,1.0,0,256,0.0,8,128,0.0625,18,0,0,10,10,0,18
validation_weighted_first_i2718,suite_stratum,validation/clear,128,120,128,0.9375,118,128,0.921875,128,128,1.0,128,128,1.0,118,128,0.921875,126,128,0.984375,126,128,0.984375,128,128,1.0,128,128,1.0,128,128,1.0,128,128,1.0,0,0,,8,128,0.0625,10,0,0,2,2,0,10
validation_weighted_first_i2718,suite_stratum,validation/control_report,128,128,128,1.0,124,128,0.96875,128,128,1.0,128,128,1.0,124,128,0.96875,124,128,0.96875,124,128,0.96875,128,128,1.0,128,128,1.0,128,128,1.0,128,128,1.0,0,128,0.0,0,0,,4,0,0,4,4,0,4
validation_weighted_first_i2718,suite_stratum,validation/trigger_report,128,128,128,1.0,124,128,0.96875,128,128,1.0,128,128,1.0,124,128,0.96875,124,128,0.96875,124,128,0.96875,128,128,1.0,128,128,1.0,128,128,1.0,128,128,1.0,0,128,0.0,0,0,,4,0,0,4,4,0,4
validation_uniform_last_i2718,all,all,384,382,384,0.9947916666666666,380,384,0.9895833333333334,384,384,1.0,384,384,1.0,380,384,0.9895833333333334,380,384,0.9895833333333334,380,384,0.9895833333333334,384,384,1.0,384,384,1.0,384,384,1.0,384,384,1.0,2,256,0.0078125,0,128,0.0,4,0,0,4,4,0,4
validation_uniform_last_i2718,declared_operator,none,384,382,384,0.9947916666666666,380,384,0.9895833333333334,384,384,1.0,384,384,1.0,380,384,0.9895833333333334,380,384,0.9895833333333334,380,384,0.9895833333333334,384,384,1.0,384,384,1.0,384,384,1.0,384,384,1.0,2,256,0.0078125,0,128,0.0,4,0,0,4,4,0,4
validation_uniform_last_i2718,designated_operator,collapse_issues,84,84,84,1.0,84,84,1.0,84,84,1.0,84,84,1.0,84,84,1.0,84,84,1.0,84,84,1.0,84,84,1.0,84,84,1.0,84,84,1.0,84,84,1.0,0,84,0.0,0,0,,0,0,0,0,0,0,0
validation_uniform_last_i2718,designated_operator,none,128,128,128,1.0,127,128,0.9921875,128,128,1.0,128,128,1.0,127,128,0.9921875,127,128,0.9921875,127,128,0.9921875,128,128,1.0,128,128,1.0,128,128,1.0,128,128,1.0,0,0,,0,128,0.0,1,0,0,1,1,0,1
validation_uniform_last_i2718,designated_operator,recent_only,86,84,86,0.9767441860465116,84,86,0.9767441860465116,86,86,1.0,86,86,1.0,84,86,0.9767441860465116,84,86,0.9767441860465116,84,86,0.9767441860465116,86,86,1.0,86,86,1.0,86,86,1.0,86,86,1.0,2,86,0.023255813953488372,0,0,,2,0,0,2,2,0,2
validation_uniform_last_i2718,designated_operator,requested_waivers,86,86,86,1.0,85,86,0.9883720930232558,86,86,1.0,86,86,1.0,85,86,0.9883720930232558,85,86,0.9883720930232558,85,86,0.9883720930232558,86,86,1.0,86,86,1.0,86,86,1.0,86,86,1.0,0,86,0.0,0,0,,1,0,0,1,1,0,1
validation_uniform_last_i2718,domain,customer support,48,47,48,0.9791666666666666,47,48,0.9791666666666666,48,48,1.0,48,48,1.0,47,48,0.9791666666666666,47,48,0.9791666666666666,47,48,0.9791666666666666,48,48,1.0,48,48,1.0,48,48,1.0,48,48,1.0,1,32,0.03125,0,16,0.0,1,0,0,1,1,0,1
validation_uniform_last_i2718,domain,data pipeline,48,48,48,1.0,48,48,1.0,48,48,1.0,48,48,1.0,48,48,1.0,48,48,1.0,48,48,1.0,48,48,1.0,48,48,1.0,48,48,1.0,48,48,1.0,0,32,0.0,0,16,0.0,0,0,0,0,0,0,0
validation_uniform_last_i2718,domain,event operations,48,47,48,0.9791666666666666,46,48,0.9583333333333334,48,48,1.0,48,48,1.0,46,48,0.9583333333333334,46,48,0.9583333333333334,46,48,0.9583333333333334,48,48,1.0,48,48,1.0,48,48,1.0,48,48,1.0,1,32,0.03125,0,16,0.0,2,0,0,2,2,0,2
validation_uniform_last_i2718,domain,field survey,48,48,48,1.0,47,48,0.9791666666666666,48,48,1.0,48,48,1.0,47,48,0.9791666666666666,47,48,0.9791666666666666,47,48,0.9791666666666666,48,48,1.0,48,48,1.0,48,48,1.0,48,48,1.0,0,32,0.0,0,16,0.0,1,0,0,1,1,0,1
validation_uniform_last_i2718,domain,grant administration,48,48,48,1.0,48,48,1.0,48,48,1.0,48,48,1.0,48,48,1.0,48,48,1.0,48,48,1.0,48,48,1.0,48,48,1.0,48,48,1.0,48,48,1.0,0,32,0.0,0,16,0.0,0,0,0,0,0,0,0
validation_uniform_last_i2718,domain,manufacturing quality,48,48,48,1.0,48,48,1.0,48,48,1.0,48,48,1.0,48,48,1.0,48,48,1.0,48,48,1.0,48,48,1.0,48,48,1.0,48,48,1.0,48,48,1.0,0,32,0.0,0,16,0.0,0,0,0,0,0,0,0
validation_uniform_last_i2718,domain,software release,48,48,48,1.0,48,48,1.0,48,48,1.0,48,48,1.0,48,48,1.0,48,48,1.0,48,48,1.0,48,48,1.0,48,48,1.0,48,48,1.0,48,48,1.0,0,32,0.0,0,16,0.0,0,0,0,0,0,0,0
validation_uniform_last_i2718,domain,warehouse dispatch,48,48,48,1.0,48,48,1.0,48,48,1.0,48,48,1.0,48,48,1.0,48,48,1.0,48,48,1.0,48,48,1.0,48,48,1.0,48,48,1.0,48,48,1.0,0,32,0.0,0,16,0.0,0,0,0,0,0,0,0
validation_uniform_last_i2718,family,all__approved_only__events,48,48,48,1.0,48,48,1.0,48,48,1.0,48,48,1.0,48,48,1.0,48,48,1.0,48,48,1.0,48,48,1.0,48,48,1.0,48,48,1.0,48,48,1.0,0,32,0.0,0,16,0.0,0,0,0,0,0,0,0
validation_uniform_last_i2718,family,all__approved_only__issues,48,48,48,1.0,48,48,1.0,48,48,1.0,48,48,1.0,48,48,1.0,48,48,1.0,48,48,1.0,48,48,1.0,48,48,1.0,48,48,1.0,48,48,1.0,0,32,0.0,0,16,0.0,0,0,0,0,0,0,0
validation_uniform_last_i2718,family,all__none__events,48,48,48,1.0,48,48,1.0,48,48,1.0,48,48,1.0,48,48,1.0,48,48,1.0,48,48,1.0,48,48,1.0,48,48,1.0,48,48,1.0,48,48,1.0,0,32,0.0,0,16,0.0,0,0,0,0,0,0,0
validation_uniform_last_i2718,family,all__none__issues,48,48,48,1.0,48,48,1.0,48,48,1.0,48,48,1.0,48,48,1.0,48,48,1.0,48,48,1.0,48,48,1.0,48,48,1.0,48,48,1.0,48,48,1.0,0,32,0.0,0,16,0.0,0,0,0,0,0,0,0
validation_uniform_last_i2718,family,current__approved_only__events,48,48,48,1.0,48,48,1.0,48,48,1.0,48,48,1.0,48,48,1.0,48,48,1.0,48,48,1.0,48,48,1.0,48,48,1.0,48,48,1.0,48,48,1.0,0,32,0.0,0,16,0.0,0,0,0,0,0,0,0
validation_uniform_last_i2718,family,current__approved_only__issues,48,48,48,1.0,47,48,0.9791666666666666,48,48,1.0,48,48,1.0,47,48,0.9791666666666666,47,48,0.9791666666666666,47,48,0.9791666666666666,48,48,1.0,48,48,1.0,48,48,1.0,48,48,1.0,0,32,0.0,0,16,0.0,1,0,0,1,1,0,1
validation_uniform_last_i2718,family,current__none__events,48,48,48,1.0,48,48,1.0,48,48,1.0,48,48,1.0,48,48,1.0,48,48,1.0,48,48,1.0,48,48,1.0,48,48,1.0,48,48,1.0,48,48,1.0,0,32,0.0,0,16,0.0,0,0,0,0,0,0,0
validation_uniform_last_i2718,family,current__none__issues,48,46,48,0.9583333333333334,45,48,0.9375,48,48,1.0,48,48,1.0,45,48,0.9375,45,48,0.9375,45,48,0.9375,48,48,1.0,48,48,1.0,48,48,1.0,48,48,1.0,2,32,0.0625,0,16,0.0,3,0,0,3,3,0,3
validation_uniform_last_i2718,stratum,clear,128,128,128,1.0,127,128,0.9921875,128,128,1.0,128,128,1.0,127,128,0.9921875,127,128,0.9921875,127,128,0.9921875,128,128,1.0,128,128,1.0,128,128,1.0,128,128,1.0,0,0,,0,128,0.0,1,0,0,1,1,0,1
validation_uniform_last_i2718,stratum,control_report,128,128,128,1.0,127,128,0.9921875,128,128,1.0,128,128,1.0,127,128,0.9921875,127,128,0.9921875,127,128,0.9921875,128,128,1.0,128,128,1.0,128,128,1.0,128,128,1.0,0,128,0.0,0,0,,1,0,0,1,1,0,1
validation_uniform_last_i2718,stratum,trigger_report,128,126,128,0.984375,126,128,0.984375,128,128,1.0,128,128,1.0,126,128,0.984375,126,128,0.984375,126,128,0.984375,128,128,1.0,128,128,1.0,128,128,1.0,128,128,1.0,2,128,0.015625,0,0,,2,0,0,2,2,0,2
validation_uniform_last_i2718,suite,validation,384,382,384,0.9947916666666666,380,384,0.9895833333333334,384,384,1.0,384,384,1.0,380,384,0.9895833333333334,380,384,0.9895833333333334,380,384,0.9895833333333334,384,384,1.0,384,384,1.0,384,384,1.0,384,384,1.0,2,256,0.0078125,0,128,0.0,4,0,0,4,4,0,4
validation_uniform_last_i2718,suite_stratum,validation/clear,128,128,128,1.0,127,128,0.9921875,128,128,1.0,128,128,1.0,127,128,0.9921875,127,128,0.9921875,127,128,0.9921875,128,128,1.0,128,128,1.0,128,128,1.0,128,128,1.0,0,0,,0,128,0.0,1,0,0,1,1,0,1
validation_uniform_last_i2718,suite_stratum,validation/control_report,128,128,128,1.0,127,128,0.9921875,128,128,1.0,128,128,1.0,127,128,0.9921875,127,128,0.9921875,127,128,0.9921875,128,128,1.0,128,128,1.0,128,128,1.0,128,128,1.0,0,128,0.0,0,0,,1,0,0,1,1,0,1
validation_uniform_last_i2718,suite_stratum,validation/trigger_report,128,126,128,0.984375,126,128,0.984375,128,128,1.0,128,128,1.0,126,128,0.984375,126,128,0.984375,126,128,0.984375,128,128,1.0,128,128,1.0,128,128,1.0,128,128,1.0,2,128,0.015625,0,0,,2,0,0,2,2,0,2
validation_weighted_last_i2718,all,all,384,383,384,0.9973958333333334,382,384,0.9947916666666666,384,384,1.0,384,384,1.0,382,384,0.9947916666666666,382,384,0.9947916666666666,382,384,0.9947916666666666,384,384,1.0,384,384,1.0,384,384,1.0,384,384,1.0,1,256,0.00390625,0,128,0.0,2,0,0,2,2,0,2
validation_weighted_last_i2718,declared_operator,none,384,383,384,0.9973958333333334,382,384,0.9947916666666666,384,384,1.0,384,384,1.0,382,384,0.9947916666666666,382,384,0.9947916666666666,382,384,0.9947916666666666,384,384,1.0,384,384,1.0,384,384,1.0,384,384,1.0,1,256,0.00390625,0,128,0.0,2,0,0,2,2,0,2
validation_weighted_last_i2718,designated_operator,collapse_issues,84,83,84,0.9880952380952381,83,84,0.9880952380952381,84,84,1.0,84,84,1.0,83,84,0.9880952380952381,83,84,0.9880952380952381,83,84,0.9880952380952381,84,84,1.0,84,84,1.0,84,84,1.0,84,84,1.0,1,84,0.011904761904761904,0,0,,1,0,0,1,1,0,1
validation_weighted_last_i2718,designated_operator,none,128,128,128,1.0,127,128,0.9921875,128,128,1.0,128,128,1.0,127,128,0.9921875,127,128,0.9921875,127,128,0.9921875,128,128,1.0,128,128,1.0,128,128,1.0,128,128,1.0,0,0,,0,128,0.0,1,0,0,1,1,0,1
validation_weighted_last_i2718,designated_operator,recent_only,86,86,86,1.0,86,86,1.0,86,86,1.0,86,86,1.0,86,86,1.0,86,86,1.0,86,86,1.0,86,86,1.0,86,86,1.0,86,86,1.0,86,86,1.0,0,86,0.0,0,0,,0,0,0,0,0,0,0
validation_weighted_last_i2718,designated_operator,requested_waivers,86,86,86,1.0,86,86,1.0,86,86,1.0,86,86,1.0,86,86,1.0,86,86,1.0,86,86,1.0,86,86,1.0,86,86,1.0,86,86,1.0,86,86,1.0,0,86,0.0,0,0,,0,0,0,0,0,0,0
validation_weighted_last_i2718,domain,customer support,48,48,48,1.0,48,48,1.0,48,48,1.0,48,48,1.0,48,48,1.0,48,48,1.0,48,48,1.0,48,48,1.0,48,48,1.0,48,48,1.0,48,48,1.0,0,32,0.0,0,16,0.0,0,0,0,0,0,0,0
validation_weighted_last_i2718,domain,data pipeline,48,48,48,1.0,48,48,1.0,48,48,1.0,48,48,1.0,48,48,1.0,48,48,1.0,48,48,1.0,48,48,1.0,48,48,1.0,48,48,1.0,48,48,1.0,0,32,0.0,0,16,0.0,0,0,0,0,0,0,0
validation_weighted_last_i2718,domain,event operations,48,48,48,1.0,47,48,0.9791666666666666,48,48,1.0,48,48,1.0,47,48,0.9791666666666666,47,48,0.9791666666666666,47,48,0.9791666666666666,48,48,1.0,48,48,1.0,48,48,1.0,48,48,1.0,0,32,0.0,0,16,0.0,1,0,0,1,1,0,1
validation_weighted_last_i2718,domain,field survey,48,48,48,1.0,48,48,1.0,48,48,1.0,48,48,1.0,48,48,1.0,48,48,1.0,48,48,1.0,48,48,1.0,48,48,1.0,48,48,1.0,48,48,1.0,0,32,0.0,0,16,0.0,0,0,0,0,0,0,0
validation_weighted_last_i2718,domain,grant administration,48,48,48,1.0,48,48,1.0,48,48,1.0,48,48,1.0,48,48,1.0,48,48,1.0,48,48,1.0,48,48,1.0,48,48,1.0,48,48,1.0,48,48,1.0,0,32,0.0,0,16,0.0,0,0,0,0,0,0,0
validation_weighted_last_i2718,domain,manufacturing quality,48,47,48,0.9791666666666666,47,48,0.9791666666666666,48,48,1.0,48,48,1.0,47,48,0.9791666666666666,47,48,0.9791666666666666,47,48,0.9791666666666666,48,48,1.0,48,48,1.0,48,48,1.0,48,48,1.0,1,32,0.03125,0,16,0.0,1,0,0,1,1,0,1
validation_weighted_last_i2718,domain,software release,48,48,48,1.0,48,48,1.0,48,48,1.0,48,48,1.0,48,48,1.0,48,48,1.0,48,48,1.0,48,48,1.0,48,48,1.0,48,48,1.0,48,48,1.0,0,32,0.0,0,16,0.0,0,0,0,0,0,0,0
validation_weighted_last_i2718,domain,warehouse dispatch,48,48,48,1.0,48,48,1.0,48,48,1.0,48,48,1.0,48,48,1.0,48,48,1.0,48,48,1.0,48,48,1.0,48,48,1.0,48,48,1.0,48,48,1.0,0,32,0.0,0,16,0.0,0,0,0,0,0,0,0
validation_weighted_last_i2718,family,all__approved_only__events,48,48,48,1.0,48,48,1.0,48,48,1.0,48,48,1.0,48,48,1.0,48,48,1.0,48,48,1.0,48,48,1.0,48,48,1.0,48,48,1.0,48,48,1.0,0,32,0.0,0,16,0.0,0,0,0,0,0,0,0
validation_weighted_last_i2718,family,all__approved_only__issues,48,48,48,1.0,48,48,1.0,48,48,1.0,48,48,1.0,48,48,1.0,48,48,1.0,48,48,1.0,48,48,1.0,48,48,1.0,48,48,1.0,48,48,1.0,0,32,0.0,0,16,0.0,0,0,0,0,0,0,0
validation_weighted_last_i2718,family,all__none__events,48,48,48,1.0,48,48,1.0,48,48,1.0,48,48,1.0,48,48,1.0,48,48,1.0,48,48,1.0,48,48,1.0,48,48,1.0,48,48,1.0,48,48,1.0,0,32,0.0,0,16,0.0,0,0,0,0,0,0,0
validation_weighted_last_i2718,family,all__none__issues,48,48,48,1.0,48,48,1.0,48,48,1.0,48,48,1.0,48,48,1.0,48,48,1.0,48,48,1.0,48,48,1.0,48,48,1.0,48,48,1.0,48,48,1.0,0,32,0.0,0,16,0.0,0,0,0,0,0,0,0
validation_weighted_last_i2718,family,current__approved_only__events,48,47,48,0.9791666666666666,47,48,0.9791666666666666,48,48,1.0,48,48,1.0,47,48,0.9791666666666666,47,48,0.9791666666666666,47,48,0.9791666666666666,48,48,1.0,48,48,1.0,48,48,1.0,48,48,1.0,1,32,0.03125,0,16,0.0,1,0,0,1,1,0,1
validation_weighted_last_i2718,family,current__approved_only__issues,48,48,48,1.0,48,48,1.0,48,48,1.0,48,48,1.0,48,48,1.0,48,48,1.0,48,48,1.0,48,48,1.0,48,48,1.0,48,48,1.0,48,48,1.0,0,32,0.0,0,16,0.0,0,0,0,0,0,0,0
validation_weighted_last_i2718,family,current__none__events,48,48,48,1.0,48,48,1.0,48,48,1.0,48,48,1.0,48,48,1.0,48,48,1.0,48,48,1.0,48,48,1.0,48,48,1.0,48,48,1.0,48,48,1.0,0,32,0.0,0,16,0.0,0,0,0,0,0,0,0
validation_weighted_last_i2718,family,current__none__issues,48,48,48,1.0,47,48,0.9791666666666666,48,48,1.0,48,48,1.0,47,48,0.9791666666666666,47,48,0.9791666666666666,47,48,0.9791666666666666,48,48,1.0,48,48,1.0,48,48,1.0,48,48,1.0,0,32,0.0,0,16,0.0,1,0,0,1,1,0,1
validation_weighted_last_i2718,stratum,clear,128,128,128,1.0,127,128,0.9921875,128,128,1.0,128,128,1.0,127,128,0.9921875,127,128,0.9921875,127,128,0.9921875,128,128,1.0,128,128,1.0,128,128,1.0,128,128,1.0,0,0,,0,128,0.0,1,0,0,1,1,0,1
validation_weighted_last_i2718,stratum,control_report,128,127,128,0.9921875,127,128,0.9921875,128,128,1.0,128,128,1.0,127,128,0.9921875,127,128,0.9921875,127,128,0.9921875,128,128,1.0,128,128,1.0,128,128,1.0,128,128,1.0,1,128,0.0078125,0,0,,1,0,0,1,1,0,1
validation_weighted_last_i2718,stratum,trigger_report,128,128,128,1.0,128,128,1.0,128,128,1.0,128,128,1.0,128,128,1.0,128,128,1.0,128,128,1.0,128,128,1.0,128,128,1.0,128,128,1.0,128,128,1.0,0,128,0.0,0,0,,0,0,0,0,0,0,0
validation_weighted_last_i2718,suite,validation,384,383,384,0.9973958333333334,382,384,0.9947916666666666,384,384,1.0,384,384,1.0,382,384,0.9947916666666666,382,384,0.9947916666666666,382,384,0.9947916666666666,384,384,1.0,384,384,1.0,384,384,1.0,384,384,1.0,1,256,0.00390625,0,128,0.0,2,0,0,2,2,0,2
validation_weighted_last_i2718,suite_stratum,validation/clear,128,128,128,1.0,127,128,0.9921875,128,128,1.0,128,128,1.0,127,128,0.9921875,127,128,0.9921875,127,128,0.9921875,128,128,1.0,128,128,1.0,128,128,1.0,128,128,1.0,0,0,,0,128,0.0,1,0,0,1,1,0,1
validation_weighted_last_i2718,suite_stratum,validation/control_report,128,127,128,0.9921875,127,128,0.9921875,128,128,1.0,128,128,1.0,127,128,0.9921875,127,128,0.9921875,127,128,0.9921875,128,128,1.0,128,128,1.0,128,128,1.0,128,128,1.0,1,128,0.0078125,0,0,,1,0,0,1,1,0,1
validation_weighted_last_i2718,suite_stratum,validation/trigger_report,128,128,128,1.0,128,128,1.0,128,128,1.0,128,128,1.0,128,128,1.0,128,128,1.0,128,128,1.0,128,128,1.0,128,128,1.0,128,128,1.0,128,128,1.0,0,128,0.0,0,0,,0,0,0,0,0,0,0
validation_uniform_first_i2718,all,all,384,363,384,0.9453125,348,384,0.90625,384,384,1.0,384,384,1.0,348,384,0.90625,366,384,0.953125,366,384,0.953125,384,384,1.0,384,384,1.0,384,384,1.0,384,384,1.0,0,256,0.0,21,128,0.1640625,36,0,0,18,18,0,36
validation_uniform_first_i2718,declared_operator,none,384,363,384,0.9453125,348,384,0.90625,384,384,1.0,384,384,1.0,348,384,0.90625,366,384,0.953125,366,384,0.953125,384,384,1.0,384,384,1.0,384,384,1.0,384,384,1.0,0,256,0.0,21,128,0.1640625,36,0,0,18,18,0,36
validation_uniform_first_i2718,designated_operator,collapse_issues,84,84,84,1.0,84,84,1.0,84,84,1.0,84,84,1.0,84,84,1.0,84,84,1.0,84,84,1.0,84,84,1.0,84,84,1.0,84,84,1.0,84,84,1.0,0,84,0.0,0,0,,0,0,0,0,0,0,0
validation_uniform_first_i2718,designated_operator,none,128,107,128,0.8359375,106,128,0.828125,128,128,1.0,128,128,1.0,106,128,0.828125,124,128,0.96875,124,128,0.96875,128,128,1.0,128,128,1.0,128,128,1.0,128,128,1.0,0,0,,21,128,0.1640625,22,0,0,4,4,0,22
validation_uniform_first_i2718,designated_operator,recent_only,86,86,86,1.0,76,86,0.8837209302325582,86,86,1.0,86,86,1.0,76,86,0.8837209302325582,76,86,0.8837209302325582,76,86,0.8837209302325582,86,86,1.0,86,86,1.0,86,86,1.0,86,86,1.0,0,86,0.0,0,0,,10,0,0,10,10,0,10
validation_uniform_first_i2718,designated_operator,requested_waivers,86,86,86,1.0,82,86,0.9534883720930233,86,86,1.0,86,86,1.0,82,86,0.9534883720930233,82,86,0.9534883720930233,82,86,0.9534883720930233,86,86,1.0,86,86,1.0,86,86,1.0,86,86,1.0,0,86,0.0,0,0,,4,0,0,4,4,0,4
validation_uniform_first_i2718,domain,customer support,48,46,48,0.9583333333333334,43,48,0.8958333333333334,48,48,1.0,48,48,1.0,43,48,0.8958333333333334,45,48,0.9375,45,48,0.9375,48,48,1.0,48,48,1.0,48,48,1.0,48,48,1.0,0,32,0.0,2,16,0.125,5,0,0,3,3,0,5
validation_uniform_first_i2718,domain,data pipeline,48,46,48,0.9583333333333334,46,48,0.9583333333333334,48,48,1.0,48,48,1.0,46,48,0.9583333333333334,46,48,0.9583333333333334,46,48,0.9583333333333334,48,48,1.0,48,48,1.0,48,48,1.0,48,48,1.0,0,32,0.0,2,16,0.125,2,0,0,2,2,0,2
validation_uniform_first_i2718,domain,event operations,48,43,48,0.8958333333333334,41,48,0.8541666666666666,48,48,1.0,48,48,1.0,41,48,0.8541666666666666,45,48,0.9375,45,48,0.9375,48,48,1.0,48,48,1.0,48,48,1.0,48,48,1.0,0,32,0.0,5,16,0.3125,7,0,0,3,3,0,7
validation_uniform_first_i2718,domain,field survey,48,47,48,0.9791666666666666,45,48,0.9375,48,48,1.0,48,48,1.0,45,48,0.9375,46,48,0.9583333333333334,46,48,0.9583333333333334,48,48,1.0,48,48,1.0,48,48,1.0,48,48,1.0,0,32,0.0,1,16,0.0625,3,0,0,2,2,0,3
validation_uniform_first_i2718,domain,grant administration,48,44,48,0.9166666666666666,43,48,0.8958333333333334,48,48,1.0,48,48,1.0,43,48,0.8958333333333334,47,48,0.9791666666666666,47,48,0.9791666666666666,48,48,1.0,48,48,1.0,48,48,1.0,48,48,1.0,0,32,0.0,4,16,0.25,5,0,0,1,1,0,5
validation_uniform_first_i2718,domain,manufacturing quality,48,46,48,0.9583333333333334,44,48,0.9166666666666666,48,48,1.0,48,48,1.0,44,48,0.9166666666666666,46,48,0.9583333333333334,46,48,0.9583333333333334,48,48,1.0,48,48,1.0,48,48,1.0,48,48,1.0,0,32,0.0,2,16,0.125,4,0,0,2,2,0,4
validation_uniform_first_i2718,domain,software release,48,47,48,0.9791666666666666,46,48,0.9583333333333334,48,48,1.0,48,48,1.0,46,48,0.9583333333333334,47,48,0.9791666666666666,47,48,0.9791666666666666,48,48,1.0,48,48,1.0,48,48,1.0,48,48,1.0,0,32,0.0,1,16,0.0625,2,0,0,1,1,0,2
validation_uniform_first_i2718,domain,warehouse dispatch,48,44,48,0.9166666666666666,40,48,0.8333333333333334,48,48,1.0,48,48,1.0,40,48,0.8333333333333334,44,48,0.9166666666666666,44,48,0.9166666666666666,48,48,1.0,48,48,1.0,48,48,1.0,48,48,1.0,0,32,0.0,4,16,0.25,8,0,0,4,4,0,8
validation_uniform_first_i2718,family,all__approved_only__events,48,46,48,0.9583333333333334,46,48,0.9583333333333334,48,48,1.0,48,48,1.0,46,48,0.9583333333333334,48,48,1.0,48,48,1.0,48,48,1.0,48,48,1.0,48,48,1.0,48,48,1.0,0,32,0.0,2,16,0.125,2,0,0,0,0,0,2
validation_uniform_first_i2718,family,all__approved_only__issues,48,42,48,0.875,40,48,0.8333333333333334,48,48,1.0,48,48,1.0,40,48,0.8333333333333334,45,48,0.9375,45,48,0.9375,48,48,1.0,48,48,1.0,48,48,1.0,48,48,1.0,0,32,0.0,6,16,0.375,8,0,0,3,3,0,8
validation_uniform_first_i2718,family,all__none__events,48,47,48,0.9791666666666666,47,48,0.9791666666666666,48,48,1.0,48,48,1.0,47,48,0.9791666666666666,48,48,1.0,48,48,1.0,48,48,1.0,48,48,1.0,48,48,1.0,48,48,1.0,0,32,0.0,1,16,0.0625,1,0,0,0,0,0,1
validation_uniform_first_i2718,family,all__none__issues,48,46,48,0.9583333333333334,43,48,0.8958333333333334,48,48,1.0,48,48,1.0,43,48,0.8958333333333334,45,48,0.9375,45,48,0.9375,48,48,1.0,48,48,1.0,48,48,1.0,48,48,1.0,0,32,0.0,2,16,0.125,5,0,0,3,3,0,5
validation_uniform_first_i2718,family,current__approved_only__events,48,47,48,0.9791666666666666,47,48,0.9791666666666666,48,48,1.0,48,48,1.0,47,48,0.9791666666666666,48,48,1.0,48,48,1.0,48,48,1.0,48,48,1.0,48,48,1.0,48,48,1.0,0,32,0.0,1,16,0.0625,1,0,0,0,0,0,1
validation_uniform_first_i2718,family,current__approved_only__issues,48,48,48,1.0,45,48,0.9375,48,48,1.0,48,48,1.0,45,48,0.9375,45,48,0.9375,45,48,0.9375,48,48,1.0,48,48,1.0,48,48,1.0,48,48,1.0,0,32,0.0,0,16,0.0,3,0,0,3,3,0,3
validation_uniform_first_i2718,family,current__none__events,48,44,48,0.9166666666666666,44,48,0.9166666666666666,48,48,1.0,48,48,1.0,44,48,0.9166666666666666,48,48,1.0,48,48,1.0,48,48,1.0,48,48,1.0,48,48,1.0,48,48,1.0,0,32,0.0,4,16,0.25,4,0,0,0,0,0,4
validation_uniform_first_i2718,family,current__none__issues,48,43,48,0.8958333333333334,36,48,0.75,48,48,1.0,48,48,1.0,36,48,0.75,39,48,0.8125,39,48,0.8125,48,48,1.0,48,48,1.0,48,48,1.0,48,48,1.0,0,32,0.0,5,16,0.3125,12,0,0,9,9,0,12
validation_uniform_first_i2718,stratum,clear,128,107,128,0.8359375,106,128,0.828125,128,128,1.0,128,128,1.0,106,128,0.828125,124,128,0.96875,124,128,0.96875,128,128,1.0,128,128,1.0,128,128,1.0,128,128,1.0,0,0,,21,128,0.1640625,22,0,0,4,4,0,22
validation_uniform_first_i2718,stratum,control_report,128,128,128,1.0,119,128,0.9296875,128,128,1.0,128,128,1.0,119,128,0.9296875,119,128,0.9296875,119,128,0.9296875,128,128,1.0,128,128,1.0,128,128,1.0,128,128,1.0,0,128,0.0,0,0,,9,0,0,9,9,0,9
validation_uniform_first_i2718,stratum,trigger_report,128,128,128,1.0,123,128,0.9609375,128,128,1.0,128,128,1.0,123,128,0.9609375,123,128,0.9609375,123,128,0.9609375,128,128,1.0,128,128,1.0,128,128,1.0,128,128,1.0,0,128,0.0,0,0,,5,0,0,5,5,0,5
validation_uniform_first_i2718,suite,validation,384,363,384,0.9453125,348,384,0.90625,384,384,1.0,384,384,1.0,348,384,0.90625,366,384,0.953125,366,384,0.953125,384,384,1.0,384,384,1.0,384,384,1.0,384,384,1.0,0,256,0.0,21,128,0.1640625,36,0,0,18,18,0,36
validation_uniform_first_i2718,suite_stratum,validation/clear,128,107,128,0.8359375,106,128,0.828125,128,128,1.0,128,128,1.0,106,128,0.828125,124,128,0.96875,124,128,0.96875,128,128,1.0,128,128,1.0,128,128,1.0,128,128,1.0,0,0,,21,128,0.1640625,22,0,0,4,4,0,22
validation_uniform_first_i2718,suite_stratum,validation/control_report,128,128,128,1.0,119,128,0.9296875,128,128,1.0,128,128,1.0,119,128,0.9296875,119,128,0.9296875,119,128,0.9296875,128,128,1.0,128,128,1.0,128,128,1.0,128,128,1.0,0,128,0.0,0,0,,9,0,0,9,9,0,9
validation_uniform_first_i2718,suite_stratum,validation/trigger_report,128,128,128,1.0,123,128,0.9609375,128,128,1.0,128,128,1.0,123,128,0.9609375,123,128,0.9609375,123,128,0.9609375,128,128,1.0,128,128,1.0,128,128,1.0,128,128,1.0,0,128,0.0,0,0,,5,0,0,5,5,0,5
